hg38_Chr	hg38_Start	hg38_End	hg38_BandName	hg38_Color	hg38_Length	chm13v2_Chr	chm13v2_Start	chm13v2_End	chm13v2_BandName	chm13v2_Color	chm13v2_Length	ConversionNotes	
chr1	0	2300000	p36.33	gneg	2,300,000	chr1	0	1735965	p36.33	gneg	1,735,965	liftover	
chr1	2300000	5300000	p36.32	gpos25	3,000,000	chr1	1735965	4816989	p36.32	gpos25	3,081,024	liftover	
chr1	5300000	7100000	p36.31	gneg	1,800,000	chr1	4816989	6629068	p36.31	gneg	1,812,079	liftover	
chr1	7100000	9100000	p36.23	gpos25	2,000,000	chr1	6629068	8634052	p36.23	gpos25	2,004,984	liftover	
chr1	9100000	12500000	p36.22	gneg	3,400,000	chr1	8634052	12044143	p36.22	gneg	3,410,091	liftover	
chr1	12500000	15900000	p36.21	gpos50	3,400,000	chr1	12044143	15341266	p36.21	gpos50	3,297,123	liftover	
chr1	15900000	20100000	p36.13	gneg	4,200,000	chr1	15341266	19923637	p36.13	gneg	4,582,371	liftover	
chr1	20100000	23600000	p36.12	gpos25	3,500,000	chr1	19923637	23434574	p36.12	gpos25	3,510,937	liftover	
chr1	23600000	27600000	p36.11	gneg	4,000,000	chr1	23434574	27441306	p36.11	gneg	4,006,732	liftover	
chr1	27600000	29900000	p35.3	gpos25	2,300,000	chr1	27441306	29743244	p35.3	gpos25	2,301,938	liftover	
chr1	29900000	32300000	p35.2	gneg	2,400,000	chr1	29743244	32157918	p35.2	gneg	2,414,674	liftover	
chr1	32300000	34300000	p35.1	gpos25	2,000,000	chr1	32157918	34161711	p35.1	gpos25	2,003,793	liftover	
chr1	34300000	39600000	p34.3	gneg	5,300,000	chr1	34161711	39468378	p34.3	gneg	5,306,667	liftover	
chr1	39600000	43700000	p34.2	gpos25	4,100,000	chr1	39468378	43570492	p34.2	gpos25	4,102,114	liftover	
chr1	43700000	46300000	p34.1	gneg	2,600,000	chr1	43570492	46177222	p34.1	gneg	2,606,730	liftover	
chr1	46300000	50200000	p33	gpos75	3,900,000	chr1	46177222	50078974	p33	gpos75	3,901,752	liftover	
chr1	50200000	55600000	p32.3	gneg	5,400,000	chr1	50078974	55482505	p32.3	gneg	5,403,531	liftover	
chr1	55600000	58500000	p32.2	gpos50	2,900,000	chr1	55482505	58377946	p32.2	gpos50	2,895,441	liftover	
chr1	58500000	60800000	p32.1	gneg	2,300,000	chr1	58377946	60678767	p32.1	gneg	2,300,821	liftover	
chr1	60800000	68500000	p31.3	gpos50	7,700,000	chr1	60678767	68377386	p31.3	gpos50	7,698,619	liftover	
chr1	68500000	69300000	p31.2	gneg	800,000	chr1	68377386	69177517	p31.2	gneg	800,131	liftover	
chr1	69300000	84400000	p31.1	gpos100	15,100,000	chr1	69177517	84240464	p31.1	gpos100	15,062,947	liftover	
chr1	84400000	87900000	p22.3	gneg	3,500,000	chr1	84240464	87743231	p22.3	gneg	3,502,767	liftover	
chr1	87900000	91500000	p22.2	gpos75	3,600,000	chr1	87743231	91344645	p22.2	gpos75	3,601,414	liftover	
chr1	91500000	94300000	p22.1	gneg	2,800,000	chr1	91344645	94148241	p22.1	gneg	2,803,596	liftover	
chr1	94300000	99300000	p21.3	gpos75	5,000,000	chr1	94148241	99148340	p21.3	gpos75	5,000,099	liftover	
chr1	99300000	101800000	p21.2	gneg	2,500,000	chr1	99148340	101649187	p21.2	gneg	2,500,847	liftover	
chr1	101800000	106700000	p21.1	gpos100	4,900,000	chr1	101649187	106737488	p21.1	gpos100	5,088,301	liftover	
chr1	106700000	111200000	p13.3	gneg	4,500,000	chr1	106737488	111214805	p13.3	gneg	4,477,317	liftover	
chr1	111200000	115500000	p13.2	gpos50	4,300,000	chr1	111214805	115511187	p13.2	gpos50	4,296,382	liftover	
chr1	115500000	117200000	p13.1	gneg	1,700,000	chr1	115511187	117210493	p13.1	gneg	1,699,306	liftover	
chr1	117200000	120400000	p12	gpos50	3,200,000	chr1	117210493	120413269	p12	gpos50	3,202,776	liftover	
chr1	120400000	121700000	p11.2	gneg	1,300,000	chr1	120413269	121796048	p11.2	gneg	1,382,779	L boundary lifted over, R boundary at HOR array L boundary	
chr1	121700000	123400000	p11.1	acen	1,700,000	chr1	121796048	124048267	p11.1	acen	2,252,219	L boundary at HOR array L boundary, R boundary at midpoint of HOR array	
chr1	123400000	125100000	q11	acen	1,700,000	chr1	124048267	126300487	q11	acen	2,252,220	R boundary at HOR array R boundary, L boundary at midpoint of HOR array	
chr1	125100000	143200000	q12	gvar	18,100,000	chr1	126300487	142241659	q12	gvar	15,941,172	L boundary at HOR array R boundary, R boundary lifted over	
chr1	143200000	147500000	q21.1	gneg	4,300,000	chr1	142241659	147308041	q21.1	gneg	5,066,382	liftover	
chr1	147500000	150600000	q21.2	gpos50	3,100,000	chr1	147308041	149724009	q21.2	gpos50	2,415,968	liftover	
chr1	150600000	155100000	q21.3	gneg	4,500,000	chr1	149724009	154239365	q21.3	gneg	4,515,356	liftover	
chr1	155100000	156600000	q22	gpos50	1,500,000	chr1	154239365	155736378	q22	gpos50	1,497,013	liftover	
chr1	156600000	159100000	q23.1	gneg	2,500,000	chr1	155736378	158237044	q23.1	gneg	2,500,666	liftover	
chr1	159100000	160500000	q23.2	gpos50	1,400,000	chr1	158237044	159637083	q23.2	gpos50	1,400,039	liftover	
chr1	160500000	165500000	q23.3	gneg	5,000,000	chr1	159637083	164846435	q23.3	gneg	5,209,352	liftover	
chr1	165500000	167200000	q24.1	gpos50	1,700,000	chr1	164846435	166547042	q24.1	gpos50	1,700,607	liftover	
chr1	167200000	170900000	q24.2	gneg	3,700,000	chr1	166547042	170256335	q24.2	gneg	3,709,293	liftover	
chr1	170900000	173000000	q24.3	gpos75	2,100,000	chr1	170256335	172358116	q24.3	gpos75	2,101,781	liftover	
chr1	173000000	176100000	q25.1	gneg	3,100,000	chr1	172358116	175455343	q25.1	gneg	3,097,227	liftover	
chr1	176100000	180300000	q25.2	gpos50	4,200,000	chr1	175455343	179655381	q25.2	gpos50	4,200,038	liftover	
chr1	180300000	185800000	q25.3	gneg	5,500,000	chr1	179655381	185154686	q25.3	gneg	5,499,305	liftover	
chr1	185800000	190800000	q31.1	gpos100	5,000,000	chr1	185154686	190146214	q31.1	gpos100	4,991,528	liftover	
chr1	190800000	193800000	q31.2	gneg	3,000,000	chr1	190146214	193148937	q31.2	gneg	3,002,723	liftover	
chr1	193800000	198700000	q31.3	gpos100	4,900,000	chr1	193148937	197959914	q31.3	gpos100	4,810,977	liftover	
chr1	198700000	207100000	q32.1	gneg	8,400,000	chr1	197959914	206365243	q32.1	gneg	8,405,329	liftover	
chr1	207100000	211300000	q32.2	gpos25	4,200,000	chr1	206365243	210545587	q32.2	gpos25	4,180,344	liftover	
chr1	211300000	214400000	q32.3	gneg	3,100,000	chr1	210545587	213639518	q32.3	gneg	3,093,931	liftover	
chr1	214400000	223900000	q41	gpos100	9,500,000	chr1	213639518	223089723	q41	gpos100	9,450,205	liftover	
chr1	223900000	224400000	q42.11	gneg	500,000	chr1	223089723	223588804	q42.11	gneg	499,081	liftover	
chr1	224400000	226800000	q42.12	gpos25	2,400,000	chr1	223588804	225987880	q42.12	gpos25	2,399,076	liftover	
chr1	226800000	230500000	q42.13	gneg	3,700,000	chr1	225987880	229880334	q42.13	gneg	3,892,454	liftover	
chr1	230500000	234600000	q42.2	gpos50	4,100,000	chr1	229880334	233990393	q42.2	gpos50	4,110,059	liftover	
chr1	234600000	236400000	q42.3	gneg	1,800,000	chr1	233990393	235800112	q42.3	gneg	1,809,719	liftover	
chr1	236400000	243500000	q43	gpos75	7,100,000	chr1	235800112	242911804	q43	gpos75	7,111,692	liftover	
chr1	243500000	248956422	q44	gneg	5,456,422	chr1	242911804	248387328	q44	gneg	5,475,524	L boundary liftover, R boundary set to chromosome end	
chr10	0	3000000	p15.3	gneg	3,000,000	chr10	0	2999810	p15.3	gneg	2,999,810	liftover	
chr10	3000000	3800000	p15.2	gpos25	800,000	chr10	2999810	3803899	p15.2	gpos25	804,089	liftover	
chr10	3800000	6600000	p15.1	gneg	2,800,000	chr10	3803899	6600140	p15.1	gneg	2,796,241	liftover	
chr10	6600000	12200000	p14	gpos75	5,600,000	chr10	6600140	12211271	p14	gpos75	5,611,131	liftover	
chr10	12200000	17300000	p13	gneg	5,100,000	chr10	12211271	17318428	p13	gneg	5,107,157	liftover	
chr10	17300000	18300000	p12.33	gpos75	1,000,000	chr10	17318428	18319354	p12.33	gpos75	1,000,926	liftover	
chr10	18300000	18400000	p12.32	gneg	100,000	chr10	18319354	18419356	p12.32	gneg	100,002	liftover	
chr10	18400000	22300000	p12.31	gpos75	3,900,000	chr10	18419356	22319034	p12.31	gpos75	3,899,678	liftover	
chr10	22300000	24300000	p12.2	gneg	2,000,000	chr10	22319034	24318538	p12.2	gneg	1,999,504	liftover	
chr10	24300000	29300000	p12.1	gpos50	5,000,000	chr10	24318538	29331681	p12.1	gpos50	5,013,143	liftover	
chr10	29300000	31100000	p11.23	gneg	1,800,000	chr10	29331681	31131269	p11.23	gneg	1,799,588	liftover	
chr10	31100000	34200000	p11.22	gpos25	3,100,000	chr10	31131269	34228529	p11.22	gpos25	3,097,260	liftover	
chr10	34200000	38000000	p11.21	gneg	3,800,000	chr10	34228529	39633793	p11.21	gneg	5,405,264	L boundary lifted over, R boundary at HOR array L boundary	
chr10	38000000	39800000	p11.1	acen	1,800,000	chr10	39633793	40649191	p11.1	acen	1,015,398	L boundary at HOR array L boundary, R boundary at midpoint of HOR array	
chr10	39800000	41600000	q11.1	acen	1,800,000	chr10	40649191	41664589	q11.1	acen	1,015,398	R boundary at HOR array R boundary, L boundary at midpoint of HOR array	
chr10	41600000	45500000	q11.21	gneg	3,900,000	chr10	41664589	46381004	q11.21	gneg	4,716,415	L boundary at HOR array R boundary, R boundary lifted over	
chr10	45500000	48600000	q11.22	gpos25	3,100,000	chr10	46381004	49449041	q11.22	gpos25	3,068,037	liftover	
chr10	48600000	51100000	q11.23	gneg	2,500,000	chr10	49449041	51948621	q11.23	gneg	2,499,580	liftover	
chr10	51100000	59400000	q21.1	gpos100	8,300,000	chr10	51948621	60254318	q21.1	gpos100	8,305,697	liftover	
chr10	59400000	62800000	q21.2	gneg	3,400,000	chr10	60254318	63658144	q21.2	gneg	3,403,826	liftover	
chr10	62800000	68800000	q21.3	gpos100	6,000,000	chr10	63658144	69669152	q21.3	gpos100	6,011,008	liftover	
chr10	68800000	73100000	q22.1	gneg	4,300,000	chr10	69669152	73971392	q22.1	gneg	4,302,240	liftover	
chr10	73100000	75900000	q22.2	gpos50	2,800,000	chr10	73971392	76774110	q22.2	gpos50	2,802,718	liftover	
chr10	75900000	80300000	q22.3	gneg	4,400,000	chr10	76774110	81169099	q22.3	gneg	4,394,989	liftover	
chr10	80300000	86100000	q23.1	gpos100	5,800,000	chr10	81169099	86980090	q23.1	gpos100	5,810,991	liftover	
chr10	86100000	87700000	q23.2	gneg	1,600,000	chr10	86980090	88583858	q23.2	gneg	1,603,768	liftover	
chr10	87700000	91100000	q23.31	gpos75	3,400,000	chr10	88583858	91983671	q23.31	gpos75	3,399,813	liftover	
chr10	91100000	92300000	q23.32	gneg	1,200,000	chr10	91983671	93182363	q23.32	gneg	1,198,692	liftover	
chr10	92300000	95300000	q23.33	gpos50	3,000,000	chr10	93182363	96179180	q23.33	gpos50	2,996,817	liftover	
chr10	95300000	97500000	q24.1	gneg	2,200,000	chr10	96179180	98380193	q24.1	gneg	2,201,013	liftover	
chr10	97500000	100100000	q24.2	gpos50	2,600,000	chr10	98380193	100984294	q24.2	gpos50	2,604,101	liftover	
chr10	100100000	101200000	q24.31	gneg	1,100,000	chr10	100984294	102083356	q24.31	gneg	1,099,062	liftover	
chr10	101200000	103100000	q24.32	gpos25	1,900,000	chr10	102083356	103986242	q24.32	gpos25	1,902,886	liftover	
chr10	103100000	104000000	q24.33	gneg	900,000	chr10	103986242	104887391	q24.33	gneg	901,149	liftover	
chr10	104000000	110100000	q25.1	gpos100	6,100,000	chr10	104887391	110983867	q25.1	gpos100	6,096,476	liftover	
chr10	110100000	113100000	q25.2	gneg	3,000,000	chr10	110983867	113991312	q25.2	gneg	3,007,445	liftover	
chr10	113100000	117300000	q25.3	gpos75	4,200,000	chr10	113991312	118194477	q25.3	gpos75	4,203,165	liftover	
chr10	117300000	119900000	q26.11	gneg	2,600,000	chr10	118194477	120797529	q26.11	gneg	2,603,052	liftover	
chr10	119900000	121400000	q26.12	gpos50	1,500,000	chr10	120797529	122296091	q26.12	gpos50	1,498,562	liftover	
chr10	121400000	125700000	q26.13	gneg	4,300,000	chr10	122296091	126582419	q26.13	gneg	4,286,328	liftover	
chr10	125700000	128800000	q26.2	gpos50	3,100,000	chr10	126582419	129725246	q26.2	gpos50	3,142,827	liftover	
chr10	128800000	133797422	q26.3	gneg	4,997,422	chr10	129725246	134758134	q26.3	gneg	5,032,888	L boundary liftover, R boundary set to chromosome end	
chr11	0	2800000	p15.5	gneg	2,800,000	chr11	0	2889344	p15.5	gneg	2,889,344	liftover	
chr11	2800000	11700000	p15.4	gpos50	8,900,000	chr11	2889344	11789203	p15.4	gpos50	8,899,859	liftover	
chr11	11700000	13800000	p15.3	gneg	2,100,000	chr11	11789203	13892569	p15.3	gneg	2,103,366	liftover	
chr11	13800000	16900000	p15.2	gpos50	3,100,000	chr11	13892569	16997372	p15.2	gpos50	3,104,803	liftover	
chr11	16900000	22000000	p15.1	gneg	5,100,000	chr11	16997372	22120532	p15.1	gneg	5,123,160	liftover	
chr11	22000000	26200000	p14.3	gpos100	4,200,000	chr11	22120532	26340879	p14.3	gpos100	4,220,347	liftover	
chr11	26200000	27200000	p14.2	gneg	1,000,000	chr11	26340879	27340466	p14.2	gneg	999,587	liftover	
chr11	27200000	31000000	p14.1	gpos75	3,800,000	chr11	27340466	31136090	p14.1	gpos75	3,795,624	liftover	
chr11	31000000	36400000	p13	gneg	5,400,000	chr11	31136090	36542448	p13	gneg	5,406,358	liftover	
chr11	36400000	43400000	p12	gpos100	7,000,000	chr11	36542448	43555411	p12	gpos100	7,012,963	liftover	
chr11	43400000	48800000	p11.2	gneg	5,400,000	chr11	43555411	48958062	p11.2	gneg	5,402,651	liftover	
chr11	48800000	51000000	p11.12	gpos75	2,200,000	chr11	48958062	51035789	p11.12	gpos75	2,077,727	L boundary lifted over, R boundary at HOR array L boundary	
chr11	51000000	53400000	p11.11	acen	2,400,000	chr11	51035789	52743313	p11.11	acen	1,707,524	L boundary at HOR array L boundary, R boundary at midpoint of HOR array	
chr11	53400000	55800000	q11	acen	2,400,000	chr11	52743313	54450838	q11	acen	1,707,525	R boundary at HOR array R boundary, L boundary at midpoint of HOR array	
chr11	55800000	60100000	q12.1	gpos75	4,300,000	chr11	54450838	60051280	q12.1	gpos75	5,600,442	L boundary at HOR array R boundary, R boundary lifted over	
chr11	60100000	61900000	q12.2	gneg	1,800,000	chr11	60051280	61888804	q12.2	gneg	1,837,524	liftover	
chr11	61900000	63600000	q12.3	gpos25	1,700,000	chr11	61888804	63589288	q12.3	gpos25	1,700,484	liftover	
chr11	63600000	66100000	q13.1	gneg	2,500,000	chr11	63589288	66094130	q13.1	gneg	2,504,842	liftover	
chr11	66100000	68700000	q13.2	gpos25	2,600,000	chr11	66094130	68706120	q13.2	gpos25	2,611,990	liftover	
chr11	68700000	70500000	q13.3	gneg	1,800,000	chr11	68706120	70520423	q13.3	gneg	1,814,303	liftover	
chr11	70500000	75500000	q13.4	gpos50	5,000,000	chr11	70520423	75429506	q13.4	gpos50	4,909,083	liftover	
chr11	75500000	77400000	q13.5	gneg	1,900,000	chr11	75429506	77332929	q13.5	gneg	1,903,423	liftover	
chr11	77400000	85900000	q14.1	gpos100	8,500,000	chr11	77332929	85836684	q14.1	gpos100	8,503,755	liftover	
chr11	85900000	88600000	q14.2	gneg	2,700,000	chr11	85836684	88519134	q14.2	gneg	2,682,450	liftover	
chr11	88600000	93000000	q14.3	gpos100	4,400,000	chr11	88519134	92928863	q14.3	gpos100	4,409,729	liftover	
chr11	93000000	97400000	q21	gneg	4,400,000	chr11	92928863	97406624	q21	gneg	4,477,761	liftover	
chr11	97400000	102300000	q22.1	gpos100	4,900,000	chr11	97406624	102302118	q22.1	gpos100	4,895,494	liftover	
chr11	102300000	103000000	q22.2	gneg	700,000	chr11	102302118	103003764	q22.2	gneg	701,646	liftover	
chr11	103000000	110600000	q22.3	gpos100	7,600,000	chr11	103003764	110610246	q22.3	gpos100	7,606,482	liftover	
chr11	110600000	112700000	q23.1	gneg	2,100,000	chr11	110610246	112710438	q23.1	gneg	2,100,192	liftover	
chr11	112700000	114600000	q23.2	gpos50	1,900,000	chr11	112710438	114610447	q23.2	gpos50	1,900,009	liftover	
chr11	114600000	121300000	q23.3	gneg	6,700,000	chr11	114610447	121325059	q23.3	gneg	6,714,612	liftover	
chr11	121300000	124000000	q24.1	gpos50	2,700,000	chr11	121325059	124028615	q24.1	gpos50	2,703,556	liftover	
chr11	124000000	127900000	q24.2	gneg	3,900,000	chr11	124028615	127933253	q24.2	gneg	3,904,638	liftover	
chr11	127900000	130900000	q24.3	gpos50	3,000,000	chr11	127933253	130935758	q24.3	gpos50	3,002,505	liftover	
chr11	130900000	135086622	q25	gneg	4,186,622	chr11	130935758	135127769	q25	gneg	4,192,011	L boundary liftover, R boundary set to chromosome end	
chr12	0	3200000	p13.33	gneg	3,200,000	chr12	0	3215744	p13.33	gneg	3,215,744	liftover	
chr12	3200000	5300000	p13.32	gpos25	2,100,000	chr12	3215744	5306179	p13.32	gpos25	2,090,435	liftover	
chr12	5300000	10000000	p13.31	gneg	4,700,000	chr12	5306179	9886155	p13.31	gneg	4,579,976	liftover	
chr12	10000000	12600000	p13.2	gpos75	2,600,000	chr12	9886155	12469144	p13.2	gpos75	2,582,989	liftover	
chr12	12600000	14600000	p13.1	gneg	2,000,000	chr12	12469144	14477435	p13.1	gneg	2,008,291	liftover	
chr12	14600000	19800000	p12.3	gpos100	5,200,000	chr12	14477435	19678338	p12.3	gpos100	5,200,903	liftover	
chr12	19800000	21100000	p12.2	gneg	1,300,000	chr12	19678338	20978622	p12.2	gneg	1,300,284	liftover	
chr12	21100000	26300000	p12.1	gpos100	5,200,000	chr12	20978622	26172544	p12.1	gpos100	5,193,922	liftover	
chr12	26300000	27600000	p11.23	gneg	1,300,000	chr12	26172544	27471672	p11.23	gneg	1,299,128	liftover	
chr12	27600000	30500000	p11.22	gpos50	2,900,000	chr12	27471672	30374680	p11.22	gpos50	2,903,008	liftover	
chr12	30500000	33200000	p11.21	gneg	2,700,000	chr12	30374680	34620838	p11.21	gneg	4,246,158	L boundary lifted over, R boundary at HOR array L boundary	
chr12	33200000	35500000	p11.1	acen	2,300,000	chr12	34620838	35911664	p11.1	acen	1,290,826	L boundary at HOR array L boundary, R boundary at midpoint of HOR array	
chr12	35500000	37800000	q11	acen	2,300,000	chr12	35911664	37202490	q11	acen	1,290,826	R boundary at HOR array R boundary, L boundary at midpoint of HOR array	
chr12	37800000	46000000	q12	gpos100	8,200,000	chr12	37202490	45959545	q12	gpos100	8,757,055	L boundary at HOR array R boundary, R boundary lifted over	
chr12	46000000	48700000	q13.11	gneg	2,700,000	chr12	45959545	48662027	q13.11	gneg	2,702,482	liftover	
chr12	48700000	51100000	q13.12	gpos25	2,400,000	chr12	48662027	51062917	q13.12	gpos25	2,400,890	liftover	
chr12	51100000	54500000	q13.13	gneg	3,400,000	chr12	51062917	54466577	q13.13	gneg	3,403,660	liftover	
chr12	54500000	56200000	q13.2	gpos25	1,700,000	chr12	54466577	56167601	q13.2	gpos25	1,701,024	liftover	
chr12	56200000	57700000	q13.3	gneg	1,500,000	chr12	56167601	57668365	q13.3	gneg	1,500,764	liftover	
chr12	57700000	62700000	q14.1	gpos75	5,000,000	chr12	57668365	62678775	q14.1	gpos75	5,010,410	liftover	
chr12	62700000	64700000	q14.2	gneg	2,000,000	chr12	62678775	64679035	q14.2	gneg	2,000,260	liftover	
chr12	64700000	67300000	q14.3	gpos50	2,600,000	chr12	64679035	67279394	q14.3	gpos50	2,600,359	liftover	
chr12	67300000	71100000	q15	gneg	3,800,000	chr12	67279394	71079501	q15	gneg	3,800,107	liftover	
chr12	71100000	75300000	q21.1	gpos75	4,200,000	chr12	71079501	75274601	q21.1	gpos75	4,195,100	liftover	
chr12	75300000	79900000	q21.2	gneg	4,600,000	chr12	75274601	79878671	q21.2	gneg	4,604,070	liftover	
chr12	79900000	86300000	q21.31	gpos100	6,400,000	chr12	79878671	86280942	q21.31	gpos100	6,402,271	liftover	
chr12	86300000	88600000	q21.32	gneg	2,300,000	chr12	86280942	88581935	q21.32	gneg	2,300,993	liftover	
chr12	88600000	92200000	q21.33	gpos100	3,600,000	chr12	88581935	92177463	q21.33	gpos100	3,595,528	liftover	
chr12	92200000	95800000	q22	gneg	3,600,000	chr12	92177463	95779143	q22	gneg	3,601,680	liftover	
chr12	95800000	101200000	q23.1	gpos75	5,400,000	chr12	95779143	101161710	q23.1	gpos75	5,382,567	liftover	
chr12	101200000	103500000	q23.2	gneg	2,300,000	chr12	101161710	103460805	q23.2	gneg	2,299,095	liftover	
chr12	103500000	108600000	q23.3	gpos50	5,100,000	chr12	103460805	108574599	q23.3	gpos50	5,113,794	liftover	
chr12	108600000	111300000	q24.11	gneg	2,700,000	chr12	108574599	111279651	q24.11	gneg	2,705,052	liftover	
chr12	111300000	111900000	q24.12	gpos25	600,000	chr12	111279651	111876909	q24.12	gpos25	597,258	liftover	
chr12	111900000	113900000	q24.13	gneg	2,000,000	chr12	111876909	113875849	q24.13	gneg	1,998,940	liftover	
chr12	113900000	116400000	q24.21	gpos50	2,500,000	chr12	113875849	116381153	q24.21	gpos50	2,505,304	liftover	
chr12	116400000	117700000	q24.22	gneg	1,300,000	chr12	116381153	117687226	q24.22	gneg	1,306,073	liftover	
chr12	117700000	120300000	q24.23	gpos50	2,600,000	chr12	117687226	120287197	q24.23	gpos50	2,599,971	liftover	
chr12	120300000	125400000	q24.31	gneg	5,100,000	chr12	120287197	125408188	q24.31	gneg	5,120,991	liftover	
chr12	125400000	128700000	q24.32	gpos50	3,300,000	chr12	125408188	128730796	q24.32	gpos50	3,322,608	liftover	
chr12	128700000	133275309	q24.33	gneg	4,575,309	chr12	128730796	133324548	q24.33	gneg	4,593,752	L boundary liftover, R boundary set to chromosome end	
chr13	0	4600000	p13	gvar	4,600,000	chr13	0	5751447	p13	gvar	5,751,447	R boundary at rDNA L boundary	
chr13	4600000	10100000	p12	stalk	5,500,000	chr13	5751447	9368750	p12	stalk	3,617,303	boundaries at rDNA array boundaries	
chr13	10100000	16500000	p11.2	gvar	6,400,000	chr13	9368750	15547593	p11.2	gvar	6,178,843	L boundary at rDNA R boundary, R boundary at HOR array L boundary	
chr13	16500000	17700000	p11.1	acen	1,200,000	chr13	15547593	16522942	p11.1	acen	975,349	L boundary at HOR array L boundary, R boundary at midpoint of HOR array	
chr13	17700000	18900000	q11	acen	1,200,000	chr13	16522942	17498291	q11	acen	975,349	R boundary at HOR array R boundary, L boundary at midpoint of HOR array	
chr13	18900000	22600000	q12.11	gneg	3,700,000	chr13	17498291	21797623	q12.11	gneg	4,299,332	L boundary at HOR array R boundary, R boundary lifted over	
chr13	22600000	24900000	q12.12	gpos25	2,300,000	chr13	21797623	24108235	q12.12	gpos25	2,310,612	liftover	
chr13	24900000	27200000	q12.13	gneg	2,300,000	chr13	24108235	26420720	q12.13	gneg	2,312,485	liftover	
chr13	27200000	28300000	q12.2	gpos25	1,100,000	chr13	26420720	27522230	q12.2	gpos25	1,101,510	liftover	
chr13	28300000	31600000	q12.3	gneg	3,300,000	chr13	27522230	30823418	q12.3	gneg	3,301,188	liftover	
chr13	31600000	33400000	q13.1	gpos50	1,800,000	chr13	30823418	32617334	q13.1	gpos50	1,793,916	liftover	
chr13	33400000	34900000	q13.2	gneg	1,500,000	chr13	32617334	34118269	q13.2	gneg	1,500,935	liftover	
chr13	34900000	39500000	q13.3	gpos75	4,600,000	chr13	34118269	38718394	q13.3	gpos75	4,600,125	liftover	
chr13	39500000	44600000	q14.11	gneg	5,100,000	chr13	38718394	43819777	q14.11	gneg	5,101,383	liftover	
chr13	44600000	45200000	q14.12	gpos25	600,000	chr13	43819777	44420051	q14.12	gpos25	600,274	liftover	
chr13	45200000	46700000	q14.13	gneg	1,500,000	chr13	44420051	45921251	q14.13	gneg	1,501,200	liftover	
chr13	46700000	50300000	q14.2	gpos50	3,600,000	chr13	45921251	49520618	q14.2	gpos50	3,599,367	liftover	
chr13	50300000	54700000	q14.3	gneg	4,400,000	chr13	49520618	53916044	q14.3	gneg	4,395,426	liftover	
chr13	54700000	59000000	q21.1	gpos100	4,300,000	chr13	53916044	58219746	q21.1	gpos100	4,303,702	liftover	
chr13	59000000	61800000	q21.2	gneg	2,800,000	chr13	58219746	61020124	q21.2	gneg	2,800,378	liftover	
chr13	61800000	65200000	q21.31	gpos75	3,400,000	chr13	61020124	64418827	q21.31	gpos75	3,398,703	liftover	
chr13	65200000	68100000	q21.32	gneg	2,900,000	chr13	64418827	67322320	q21.32	gneg	2,903,493	liftover	
chr13	68100000	72800000	q21.33	gpos100	4,700,000	chr13	67322320	72021474	q21.33	gpos100	4,699,154	liftover	
chr13	72800000	74900000	q22.1	gneg	2,100,000	chr13	72021474	74123996	q22.1	gneg	2,102,522	liftover	
chr13	74900000	76700000	q22.2	gpos50	1,800,000	chr13	74123996	75923712	q22.2	gpos50	1,799,716	liftover	
chr13	76700000	78500000	q22.3	gneg	1,800,000	chr13	75923712	77725243	q22.3	gneg	1,801,531	liftover	
chr13	78500000	87100000	q31.1	gpos100	8,600,000	chr13	77725243	86303655	q31.1	gpos100	8,578,412	liftover	
chr13	87100000	89400000	q31.2	gneg	2,300,000	chr13	86303655	88604095	q31.2	gneg	2,300,440	liftover	
chr13	89400000	94400000	q31.3	gpos100	5,000,000	chr13	88604095	93603590	q31.3	gpos100	4,999,495	liftover	
chr13	94400000	97500000	q32.1	gneg	3,100,000	chr13	93603590	96706317	q32.1	gneg	3,102,727	liftover	
chr13	97500000	98700000	q32.2	gpos25	1,200,000	chr13	96706317	97909939	q32.2	gpos25	1,203,622	liftover	
chr13	98700000	101100000	q32.3	gneg	2,400,000	chr13	97909939	100315089	q32.3	gneg	2,405,150	liftover	
chr13	101100000	104200000	q33.1	gpos100	3,100,000	chr13	100315089	103418692	q33.1	gpos100	3,103,603	liftover	
chr13	104200000	106400000	q33.2	gneg	2,200,000	chr13	103418692	105620405	q33.2	gneg	2,201,713	liftover	
chr13	106400000	109600000	q33.3	gpos100	3,200,000	chr13	105620405	108828306	q33.3	gpos100	3,207,901	liftover	
chr13	109600000	114364328	q34	gneg	4,764,328	chr13	108828306	113566686	q34	gneg	4,738,380	L boundary liftover, R boundary set to chromosome end	
chr14	0	3600000	p13	gvar	3,600,000	chr14	0	2077628	p13	gvar	2,077,628	R boundary at rDNA L boundary	
chr14	3600000	8000000	p12	stalk	4,400,000	chr14	2077628	2840421	p12	stalk	762,793	boundaries at rDNA array boundaries	
chr14	8000000	16100000	p11.2	gvar	8,100,000	chr14	2840421	10092112	p11.2	gvar	7,251,691	L boundary at rDNA R boundary, R boundary at HOR array L boundary	
chr14	16100000	17200000	p11.1	acen	1,100,000	chr14	10092112	11400261	p11.1	acen	1,308,149	L boundary at HOR array L boundary, R boundary at midpoint of HOR array	
chr14	17200000	18200000	q11.1	acen	1,000,000	chr14	11400261	12708411	q11.1	acen	1,308,150	R boundary at HOR array R boundary, L boundary at midpoint of HOR array	
chr14	18200000	24100000	q11.2	gneg	5,900,000	chr14	12708411	18298312	q11.2	gneg	5,589,901	L boundary at HOR array R boundary, R boundary lifted over	
chr14	24100000	32900000	q12	gpos100	8,800,000	chr14	18298312	27096896	q12	gpos100	8,798,584	liftover	
chr14	32900000	34800000	q13.1	gneg	1,900,000	chr14	27096896	28999171	q13.1	gneg	1,902,275	liftover	
chr14	34800000	36100000	q13.2	gpos50	1,300,000	chr14	28999171	30288797	q13.2	gpos50	1,289,626	liftover	
chr14	36100000	37400000	q13.3	gneg	1,300,000	chr14	30288797	31589055	q13.3	gneg	1,300,258	liftover	
chr14	37400000	43000000	q21.1	gpos100	5,600,000	chr14	31589055	37191028	q21.1	gpos100	5,601,973	liftover	
chr14	43000000	46700000	q21.2	gneg	3,700,000	chr14	37191028	40898832	q21.2	gneg	3,707,804	liftover	
chr14	46700000	50400000	q21.3	gpos100	3,700,000	chr14	40898832	44606207	q21.3	gpos100	3,707,375	liftover	
chr14	50400000	53600000	q22.1	gneg	3,200,000	chr14	44606207	47808271	q22.1	gneg	3,202,064	liftover	
chr14	53600000	55000000	q22.2	gpos25	1,400,000	chr14	47808271	49205176	q22.2	gpos25	1,396,905	liftover	
chr14	55000000	57600000	q22.3	gneg	2,600,000	chr14	49205176	51806957	q22.3	gneg	2,601,781	liftover	
chr14	57600000	61600000	q23.1	gpos75	4,000,000	chr14	51806957	55806586	q23.1	gpos75	3,999,629	liftover	
chr14	61600000	64300000	q23.2	gneg	2,700,000	chr14	55806586	58507715	q23.2	gneg	2,701,129	liftover	
chr14	64300000	67400000	q23.3	gpos50	3,100,000	chr14	58507715	61607123	q23.3	gpos50	3,099,408	liftover	
chr14	67400000	69800000	q24.1	gneg	2,400,000	chr14	61607123	64007668	q24.1	gneg	2,400,545	liftover	
chr14	69800000	73300000	q24.2	gpos50	3,500,000	chr14	64007668	67506518	q24.2	gpos50	3,498,850	liftover	
chr14	73300000	78800000	q24.3	gneg	5,500,000	chr14	67506518	73008616	q24.3	gneg	5,502,098	liftover	
chr14	78800000	83100000	q31.1	gpos100	4,300,000	chr14	73008616	77312020	q31.1	gpos100	4,303,404	liftover	
chr14	83100000	84400000	q31.2	gneg	1,300,000	chr14	77312020	78613483	q31.2	gneg	1,301,463	liftover	
chr14	84400000	89300000	q31.3	gpos100	4,900,000	chr14	78613483	83523641	q31.3	gpos100	4,910,158	liftover	
chr14	89300000	91400000	q32.11	gneg	2,100,000	chr14	83523641	85625240	q32.11	gneg	2,101,599	liftover	
chr14	91400000	94200000	q32.12	gpos25	2,800,000	chr14	85625240	88427273	q32.12	gpos25	2,802,033	liftover	
chr14	94200000	95800000	q32.13	gneg	1,600,000	chr14	88427273	90031477	q32.13	gneg	1,604,204	liftover	
chr14	95800000	100900000	q32.2	gpos50	5,100,000	chr14	90031477	95135433	q32.2	gpos50	5,103,956	liftover	
chr14	100900000	102700000	q32.31	gneg	1,800,000	chr14	95135433	96936346	q32.31	gneg	1,800,913	liftover	
chr14	102700000	103500000	q32.32	gpos50	800,000	chr14	96936346	97736032	q32.32	gpos50	799,686	liftover	
chr14	103500000	107043718	q32.33	gneg	3,543,718	chr14	97736032	101161492	q32.33	gneg	3,425,460	L boundary liftover, R boundary set to chromosome end	
chr15	0	4200000	p13	gvar	4,200,000	chr15	0	2484618	p13	gvar	2,484,618	R boundary at rDNA L boundary	
chr15	4200000	9700000	p12	stalk	5,500,000	chr15	2484618	4728636	p12	stalk	2,244,018	boundaries at rDNA array boundaries	
chr15	9700000	17500000	p11.2	gvar	7,800,000	chr15	4728636	16678794	p11.2	gvar	11,950,158	L boundary at rDNA R boundary, R boundary at HOR array L boundary	
chr15	17500000	19000000	p11.1	acen	1,500,000	chr15	16678794	17186630	p11.1	acen	507,836	L boundary at HOR array L boundary, R boundary at midpoint of HOR array	
chr15	19000000	20500000	q11.1	acen	1,500,000	chr15	17186630	17694466	q11.1	acen	507,836	R boundary at HOR array R boundary, L boundary at midpoint of HOR array	
chr15	20500000	25500000	q11.2	gneg	5,000,000	chr15	17694466	23236963	q11.2	gneg	5,542,497	L boundary at HOR array R boundary, R boundary lifted over	
chr15	25500000	27800000	q12	gpos50	2,300,000	chr15	23236963	25542506	q12	gpos50	2,305,543	liftover	
chr15	27800000	30000000	q13.1	gneg	2,200,000	chr15	25542506	27791711	q13.1	gneg	2,249,205	liftover	
chr15	30000000	30900000	q13.2	gpos50	900,000	chr15	27791711	28693986	q13.2	gpos50	902,275	liftover	
chr15	30900000	33400000	q13.3	gneg	2,500,000	chr15	28693986	31196487	q13.3	gneg	2,502,501	liftover	
chr15	33400000	39800000	q14	gpos75	6,400,000	chr15	31196487	37605195	q14	gpos75	6,408,708	liftover	
chr15	39800000	42500000	q15.1	gneg	2,700,000	chr15	37605195	40306040	q15.1	gneg	2,700,845	liftover	
chr15	42500000	43300000	q15.2	gpos25	800,000	chr15	40306040	41107300	q15.2	gpos25	801,260	liftover	
chr15	43300000	44500000	q15.3	gneg	1,200,000	chr15	41107300	42307677	q15.3	gneg	1,200,377	liftover	
chr15	44500000	49200000	q21.1	gpos75	4,700,000	chr15	42307677	47008200	q21.1	gpos75	4,700,523	liftover	
chr15	49200000	52600000	q21.2	gneg	3,400,000	chr15	47008200	50408265	q21.2	gneg	3,400,065	liftover	
chr15	52600000	58800000	q21.3	gpos75	6,200,000	chr15	50408265	56602018	q21.3	gpos75	6,193,753	liftover	
chr15	58800000	59000000	q22.1	gneg	200,000	chr15	56602018	56802078	q22.1	gneg	200,060	liftover	
chr15	59000000	63400000	q22.2	gpos25	4,400,000	chr15	56802078	61204679	q22.2	gpos25	4,402,601	liftover	
chr15	63400000	66900000	q22.31	gneg	3,500,000	chr15	61204679	64721821	q22.31	gneg	3,517,142	liftover	
chr15	66900000	67000000	q22.32	gpos25	100,000	chr15	64721821	64821874	q22.32	gpos25	100,053	liftover	
chr15	67000000	67200000	q22.33	gneg	200,000	chr15	64821874	65021911	q22.33	gneg	200,037	liftover	
chr15	67200000	72400000	q23	gpos25	5,200,000	chr15	65021911	70217331	q23	gpos25	5,195,420	liftover	
chr15	72400000	74900000	q24.1	gneg	2,500,000	chr15	70217331	72769881	q24.1	gneg	2,552,550	liftover	
chr15	74900000	76300000	q24.2	gpos25	1,400,000	chr15	72769881	74171079	q24.2	gpos25	1,401,198	liftover	
chr15	76300000	78000000	q24.3	gneg	1,700,000	chr15	74171079	75862542	q24.3	gneg	1,691,463	liftover	
chr15	78000000	81400000	q25.1	gpos50	3,400,000	chr15	75862542	79264071	q25.1	gpos50	3,401,529	liftover	
chr15	81400000	84700000	q25.2	gneg	3,300,000	chr15	79264071	82452409	q25.2	gneg	3,188,338	liftover	
chr15	84700000	88500000	q25.3	gpos50	3,800,000	chr15	82452409	86254599	q25.3	gpos50	3,802,190	liftover	
chr15	88500000	93800000	q26.1	gneg	5,300,000	chr15	86254599	91561911	q26.1	gneg	5,307,312	liftover	
chr15	93800000	98000000	q26.2	gpos50	4,200,000	chr15	91561911	95765652	q26.2	gpos50	4,203,741	liftover	
chr15	98000000	101991189	q26.3	gneg	3,991,189	chr15	95765652	99753195	q26.3	gneg	3,987,543	L boundary liftover, R boundary set to chromosome end	
chr16	0	7800000	p13.3	gneg	7,800,000	chr16	0	7831635	p13.3	gneg	7,831,635	liftover	
chr16	7800000	10400000	p13.2	gpos50	2,600,000	chr16	7831635	10435669	p13.2	gpos50	2,604,034	liftover	
chr16	10400000	12500000	p13.13	gneg	2,100,000	chr16	10435669	12537038	p13.13	gneg	2,101,369	liftover	
chr16	12500000	14700000	p13.12	gpos50	2,200,000	chr16	12537038	14730876	p13.12	gpos50	2,193,838	liftover	
chr16	14700000	16700000	p13.11	gneg	2,000,000	chr16	14730876	16712187	p13.11	gneg	1,981,311	liftover	
chr16	16700000	21200000	p12.3	gpos50	4,500,000	chr16	16712187	21130950	p12.3	gpos50	4,418,763	liftover	
chr16	21200000	24200000	p12.2	gneg	3,000,000	chr16	21130950	24476520	p12.2	gneg	3,345,570	liftover	
chr16	24200000	28500000	p12.1	gpos50	4,300,000	chr16	24476520	28752507	p12.1	gpos50	4,275,987	liftover	
chr16	28500000	35300000	p11.2	gneg	6,800,000	chr16	28752507	35848286	p11.2	gneg	7,095,779	L boundary lifted over, R boundary at HOR array L boundary	
chr16	35300000	36800000	p11.1	acen	1,500,000	chr16	35848286	36838903	p11.1	acen	990,617	L boundary at HOR array L boundary, R boundary at midpoint of HOR array	
chr16	36800000	38400000	q11.1	acen	1,600,000	chr16	36838903	37829521	q11.1	acen	990,618	R boundary at HOR array R boundary, L boundary at midpoint of HOR array	
chr16	38400000	47000000	q11.2	gvar	8,600,000	chr16	37829521	52219471	q11.2	gvar	14,389,950	L boundary at HOR array R boundary, R boundary lifted over	
chr16	47000000	52600000	q12.1	gneg	5,600,000	chr16	52219471	58397876	q12.1	gneg	6,178,405	liftover	
chr16	52600000	56000000	q12.2	gpos50	3,400,000	chr16	58397876	61794998	q12.2	gpos50	3,397,122	liftover	
chr16	56000000	57300000	q13	gneg	1,300,000	chr16	61794998	63095972	q13	gneg	1,300,974	liftover	
chr16	57300000	66600000	q21	gpos100	9,300,000	chr16	63095972	72394295	q21	gpos100	9,298,323	liftover	
chr16	66600000	70800000	q22.1	gneg	4,200,000	chr16	72394295	76611172	q22.1	gneg	4,216,877	liftover	
chr16	70800000	72800000	q22.2	gpos50	2,000,000	chr16	76611172	78617811	q22.2	gpos50	2,006,639	liftover	
chr16	72800000	74100000	q22.3	gneg	1,300,000	chr16	78617811	79917729	q22.3	gneg	1,299,918	liftover	
chr16	74100000	79200000	q23.1	gpos75	5,100,000	chr16	79917729	85256228	q23.1	gpos75	5,338,499	liftover	
chr16	79200000	81600000	q23.2	gneg	2,400,000	chr16	85256228	87661662	q23.2	gneg	2,405,434	liftover	
chr16	81600000	84100000	q23.3	gpos50	2,500,000	chr16	87661662	90166083	q23.3	gpos50	2,504,421	liftover	
chr16	84100000	87000000	q24.1	gneg	2,900,000	chr16	90166083	93070234	q24.1	gneg	2,904,151	liftover	
chr16	87000000	88700000	q24.2	gpos25	1,700,000	chr16	93070234	94769136	q24.2	gpos25	1,698,902	liftover	
chr16	88700000	90338345	q24.3	gneg	1,638,345	chr16	94769136	96330374	q24.3	gneg	1,561,238	L boundary liftover, R boundary set to chromosome end	
chr17	0	3400000	p13.3	gneg	3,400,000	chr17	0	3288940	p13.3	gneg	3,288,940	liftover	
chr17	3400000	6500000	p13.2	gpos50	3,100,000	chr17	3288940	6400012	p13.2	gpos50	3,111,072	liftover	
chr17	6500000	10800000	p13.1	gneg	4,300,000	chr17	6400012	10707908	p13.1	gneg	4,307,896	liftover	
chr17	10800000	16100000	p12	gpos75	5,300,000	chr17	10707908	16002309	p12	gpos75	5,294,401	liftover	
chr17	16100000	22700000	p11.2	gneg	6,600,000	chr17	16002309	23892419	p11.2	gneg	7,890,110	L boundary lifted over, R boundary at HOR array L boundary	
chr17	22700000	25100000	p11.1	acen	2,400,000	chr17	23892419	25689679	p11.1	acen	1,797,260	L boundary at HOR array L boundary, R boundary at midpoint of HOR array	
chr17	25100000	27400000	q11.1	acen	2,300,000	chr17	25689679	27486939	q11.1	acen	1,797,260	R boundary at HOR array R boundary, L boundary at midpoint of HOR array	
chr17	27400000	33500000	q11.2	gneg	6,100,000	chr17	27486939	34446012	q11.2	gneg	6,959,073	L boundary at HOR array R boundary, R boundary lifted over	
chr17	33500000	39800000	q12	gpos50	6,300,000	chr17	34446012	40663561	q12	gpos50	6,217,549	liftover	
chr17	39800000	40200000	q21.1	gneg	400,000	chr17	40663561	41063885	q21.1	gneg	400,324	liftover	
chr17	40200000	42800000	q21.2	gpos25	2,600,000	chr17	41063885	43657141	q21.2	gpos25	2,593,256	liftover	
chr17	42800000	46800000	q21.31	gneg	4,000,000	chr17	43657141	47661458	q21.31	gneg	4,004,317	liftover	
chr17	46800000	49300000	q21.32	gpos25	2,500,000	chr17	47661458	50163080	q21.32	gpos25	2,501,622	liftover	
chr17	49300000	52100000	q21.33	gneg	2,800,000	chr17	50163080	52967757	q21.33	gneg	2,804,677	liftover	
chr17	52100000	59500000	q22	gpos75	7,400,000	chr17	52967757	60368167	q22	gpos75	7,400,410	liftover	
chr17	59500000	60200000	q23.1	gneg	700,000	chr17	60368167	61068949	q23.1	gneg	700,782	liftover	
chr17	60200000	63100000	q23.2	gpos75	2,900,000	chr17	61068949	63970246	q23.2	gpos75	2,901,297	liftover	
chr17	63100000	64600000	q23.3	gneg	1,500,000	chr17	63970246	65469760	q23.3	gneg	1,499,514	liftover	
chr17	64600000	66200000	q24.1	gpos50	1,600,000	chr17	65469760	67070785	q24.1	gpos50	1,601,025	liftover	
chr17	66200000	69100000	q24.2	gneg	2,900,000	chr17	67070785	69976574	q24.2	gneg	2,905,789	liftover	
chr17	69100000	72900000	q24.3	gpos75	3,800,000	chr17	69976574	73787784	q24.3	gpos75	3,811,210	liftover	
chr17	72900000	76800000	q25.1	gneg	3,900,000	chr17	73787784	77692007	q25.1	gneg	3,904,223	liftover	
chr17	76800000	77200000	q25.2	gpos25	400,000	chr17	77692007	78093613	q25.2	gpos25	401,606	liftover	
chr17	77200000	83257441	q25.3	gneg	6,057,441	chr17	78093613	84276897	q25.3	gneg	6,183,284	L boundary liftover, R boundary set to chromosome end	
chr18	0	2900000	p11.32	gneg	2,900,000	chr18	0	3055502	p11.32	gneg	3,055,502	liftover	
chr18	2900000	7200000	p11.31	gpos50	4,300,000	chr18	3055502	7363114	p11.31	gpos50	4,307,612	liftover	
chr18	7200000	8500000	p11.23	gneg	1,300,000	chr18	7363114	8663156	p11.23	gneg	1,300,042	liftover	
chr18	8500000	10900000	p11.22	gpos25	2,400,000	chr18	8663156	11062106	p11.22	gpos25	2,398,950	liftover	
chr18	10900000	15400000	p11.21	gneg	4,500,000	chr18	11062106	15965699	p11.21	gneg	4,903,593	L boundary lifted over, R boundary at HOR array L boundary	
chr18	15400000	18500000	p11.1	acen	3,100,000	chr18	15965699	18449624	p11.1	acen	2,483,925	L boundary at HOR array L boundary, R boundary at midpoint of HOR array	
chr18	18500000	21500000	q11.1	acen	3,000,000	chr18	18449624	20933550	q11.1	acen	2,483,926	R boundary at HOR array R boundary, L boundary at midpoint of HOR array	
chr18	21500000	27500000	q11.2	gneg	6,000,000	chr18	20933550	27694024	q11.2	gneg	6,760,474	L boundary at HOR array R boundary, R boundary lifted over	
chr18	27500000	35100000	q12.1	gpos100	7,600,000	chr18	27694024	35291319	q12.1	gpos100	7,597,295	liftover	
chr18	35100000	39500000	q12.2	gneg	4,400,000	chr18	35291319	39695477	q12.2	gneg	4,404,158	liftover	
chr18	39500000	45900000	q12.3	gpos75	6,400,000	chr18	39695477	46090953	q12.3	gpos75	6,395,476	liftover	
chr18	45900000	50700000	q21.1	gneg	4,800,000	chr18	46090953	50901745	q21.1	gneg	4,810,792	liftover	
chr18	50700000	56200000	q21.2	gpos75	5,500,000	chr18	50901745	56402692	q21.2	gpos75	5,500,947	liftover	
chr18	56200000	58600000	q21.31	gneg	2,400,000	chr18	56402692	58801152	q21.31	gneg	2,398,460	liftover	
chr18	58600000	61300000	q21.32	gpos50	2,700,000	chr18	58801152	61503246	q21.32	gpos50	2,702,094	liftover	
chr18	61300000	63900000	q21.33	gneg	2,600,000	chr18	61503246	64105093	q21.33	gneg	2,601,847	liftover	
chr18	63900000	69100000	q22.1	gpos100	5,200,000	chr18	64105093	69316653	q22.1	gpos100	5,211,560	liftover	
chr18	69100000	71000000	q22.2	gneg	1,900,000	chr18	69316653	71221701	q22.2	gneg	1,905,048	liftover	
chr18	71000000	75400000	q22.3	gpos25	4,400,000	chr18	71221701	75629292	q22.3	gpos25	4,407,591	liftover	
chr18	75400000	80373285	q23	gneg	4,973,285	chr18	75629292	80542538	q23	gneg	4,913,246	L boundary liftover, R boundary set to chromosome end	
chr19	0	6900000	p13.3	gneg	6,900,000	chr19	0	6889318	p13.3	gneg	6,889,318	liftover	
chr19	6900000	12600000	p13.2	gpos25	5,700,000	chr19	6889318	12724341	p13.2	gpos25	5,835,023	liftover	
chr19	12600000	13800000	p13.13	gneg	1,200,000	chr19	12724341	13926177	p13.13	gneg	1,201,836	liftover	
chr19	13800000	16100000	p13.12	gpos25	2,300,000	chr19	13926177	16234072	p13.12	gpos25	2,307,895	liftover	
chr19	16100000	19900000	p13.11	gneg	3,800,000	chr19	16234072	20037734	p13.11	gneg	3,803,662	liftover	
chr19	19900000	24200000	p12	gvar	4,300,000	chr19	20037734	25817676	p12	gvar	5,779,942	L boundary lifted over, R boundary at HOR array L boundary	
chr19	24200000	26200000	p11	acen	2,000,000	chr19	25817676	27792923	p11	acen	1,975,247	L boundary at HOR array L boundary, R boundary at midpoint of HOR array	
chr19	26200000	28100000	q11	acen	1,900,000	chr19	27792923	29768171	q11	acen	1,975,248	R boundary at HOR array R boundary, L boundary at midpoint of HOR array	
chr19	28100000	31900000	q12	gvar	3,800,000	chr19	29768171	34418519	q12	gvar	4,650,348	L boundary at HOR array R boundary, R boundary lifted over	
chr19	31900000	35100000	q13.11	gneg	3,200,000	chr19	34418519	37644588	q13.11	gneg	3,226,069	liftover	
chr19	35100000	37800000	q13.12	gpos25	2,700,000	chr19	37644588	40601536	q13.12	gpos25	2,956,948	liftover	
chr19	37800000	38200000	q13.13	gneg	400,000	chr19	40601536	41002157	q13.13	gneg	400,621	liftover	
chr19	38200000	42900000	q13.2	gpos25	4,700,000	chr19	41002157	45718957	q13.2	gpos25	4,716,800	liftover	
chr19	42900000	44700000	q13.31	gneg	1,800,000	chr19	45718957	47524747	q13.31	gneg	1,805,790	liftover	
chr19	44700000	47500000	q13.32	gpos25	2,800,000	chr19	47524747	50330819	q13.32	gpos25	2,806,072	liftover	
chr19	47500000	50900000	q13.33	gneg	3,400,000	chr19	50330819	53989630	q13.33	gneg	3,658,811	liftover	
chr19	50900000	53100000	q13.41	gpos25	2,200,000	chr19	53989630	56182556	q13.41	gpos25	2,192,926	liftover	
chr19	53100000	55800000	q13.42	gneg	2,700,000	chr19	56182556	58899358	q13.42	gneg	2,716,802	liftover	
chr19	55800000	58617616	q13.43	gpos25	2,817,616	chr19	58899358	61707364	q13.43	gpos25	2,808,006	L boundary liftover, R boundary set to chromosome end	
chr2	0	4400000	p25.3	gneg	4,400,000	chr2	0	4423386	p25.3	gneg	4,423,386	liftover	
chr2	4400000	6900000	p25.2	gpos50	2,500,000	chr2	4423386	6921497	p25.2	gpos50	2,498,111	liftover	
chr2	6900000	12000000	p25.1	gneg	5,100,000	chr2	6921497	12028815	p25.1	gneg	5,107,318	liftover	
chr2	12000000	16500000	p24.3	gpos75	4,500,000	chr2	12028815	16531703	p24.3	gpos75	4,502,888	liftover	
chr2	16500000	19000000	p24.2	gneg	2,500,000	chr2	16531703	19032774	p24.2	gneg	2,501,071	liftover	
chr2	19000000	23800000	p24.1	gpos75	4,800,000	chr2	19032774	23835087	p24.1	gpos75	4,802,313	liftover	
chr2	23800000	27700000	p23.3	gneg	3,900,000	chr2	23835087	27743068	p23.3	gneg	3,907,981	liftover	
chr2	27700000	29800000	p23.2	gpos25	2,100,000	chr2	27743068	29843598	p23.2	gpos25	2,100,530	liftover	
chr2	29800000	31800000	p23.1	gneg	2,000,000	chr2	29843598	31845058	p23.1	gneg	2,001,460	liftover	
chr2	31800000	36300000	p22.3	gpos75	4,500,000	chr2	31845058	36306629	p22.3	gpos75	4,461,571	liftover	
chr2	36300000	38300000	p22.2	gneg	2,000,000	chr2	36306629	38306895	p22.2	gneg	2,000,266	liftover	
chr2	38300000	41500000	p22.1	gpos50	3,200,000	chr2	38306895	41509232	p22.1	gpos50	3,202,337	liftover	
chr2	41500000	47500000	p21	gneg	6,000,000	chr2	41509232	47505052	p21	gneg	5,995,820	liftover	
chr2	47500000	52600000	p16.3	gpos100	5,100,000	chr2	47505052	52596301	p16.3	gpos100	5,091,249	liftover	
chr2	52600000	54700000	p16.2	gneg	2,100,000	chr2	52596301	54694000	p16.2	gneg	2,097,699	liftover	
chr2	54700000	61000000	p16.1	gpos100	6,300,000	chr2	54694000	61005834	p16.1	gpos100	6,311,834	liftover	
chr2	61000000	63900000	p15	gneg	2,900,000	chr2	61005834	63907559	p15	gneg	2,901,725	liftover	
chr2	63900000	68400000	p14	gpos50	4,500,000	chr2	63907559	68410570	p14	gpos50	4,503,011	liftover	
chr2	68400000	71300000	p13.3	gneg	2,900,000	chr2	68410570	71311026	p13.3	gneg	2,900,456	liftover	
chr2	71300000	73300000	p13.2	gpos50	2,000,000	chr2	71311026	73312998	p13.2	gpos50	2,001,972	liftover	
chr2	73300000	74800000	p13.1	gneg	1,500,000	chr2	73312998	74808844	p13.1	gneg	1,495,846	liftover	
chr2	74800000	83100000	p12	gpos100	8,300,000	chr2	74808844	83100333	p12	gpos100	8,291,489	liftover	
chr2	83100000	91800000	p11.2	gneg	8,700,000	chr2	83100333	92333543	p11.2	gneg	9,233,210	L boundary lifted over, R boundary at HOR array L boundary	
chr2	91800000	93900000	p11.1	acen	2,100,000	chr2	92333543	93503283	p11.1	acen	1,169,740	L boundary at HOR array L boundary, R boundary at midpoint of HOR array	
chr2	93900000	96000000	q11.1	acen	2,100,000	chr2	93503283	94673023	q11.1	acen	1,169,740	R boundary at HOR array R boundary, L boundary at midpoint of HOR array	
chr2	96000000	102100000	q11.2	gneg	6,100,000	chr2	94673023	102558292	q11.2	gneg	7,885,269	L boundary at HOR array R boundary, R boundary lifted over	
chr2	102100000	105300000	q12.1	gpos50	3,200,000	chr2	102558292	105761211	q12.1	gpos50	3,202,919	liftover	
chr2	105300000	106700000	q12.2	gneg	1,400,000	chr2	105761211	107161426	q12.2	gneg	1,400,215	liftover	
chr2	106700000	108700000	q12.3	gpos25	2,000,000	chr2	107161426	109160598	q12.3	gpos25	1,999,172	liftover	
chr2	108700000	112200000	q13	gneg	3,500,000	chr2	109160598	112626870	q13	gneg	3,466,272	liftover	
chr2	112200000	118100000	q14.1	gpos50	5,900,000	chr2	112626870	118533173	q14.1	gpos50	5,906,303	liftover	
chr2	118100000	121600000	q14.2	gneg	3,500,000	chr2	118533173	122035284	q14.2	gneg	3,502,111	liftover	
chr2	121600000	129100000	q14.3	gpos50	7,500,000	chr2	122035284	129528325	q14.3	gpos50	7,493,041	liftover	
chr2	129100000	131700000	q21.1	gneg	2,600,000	chr2	129528325	132134645	q21.1	gneg	2,606,320	liftover	
chr2	131700000	134300000	q21.2	gpos25	2,600,000	chr2	132134645	134739485	q21.2	gpos25	2,604,840	liftover	
chr2	134300000	136100000	q21.3	gneg	1,800,000	chr2	134739485	136544463	q21.3	gneg	1,804,978	liftover	
chr2	136100000	141500000	q22.1	gpos100	5,400,000	chr2	136544463	141946261	q22.1	gpos100	5,401,798	liftover	
chr2	141500000	143400000	q22.2	gneg	1,900,000	chr2	141946261	143848187	q22.2	gneg	1,901,926	liftover	
chr2	143400000	147900000	q22.3	gpos100	4,500,000	chr2	143848187	148350462	q22.3	gpos100	4,502,275	liftover	
chr2	147900000	149000000	q23.1	gneg	1,100,000	chr2	148350462	149450376	q23.1	gneg	1,099,914	liftover	
chr2	149000000	149600000	q23.2	gpos25	600,000	chr2	149450376	150050446	q23.2	gpos25	600,070	liftover	
chr2	149600000	154000000	q23.3	gneg	4,400,000	chr2	150050446	154452841	q23.3	gneg	4,402,395	liftover	
chr2	154000000	158900000	q24.1	gpos75	4,900,000	chr2	154452841	159362096	q24.1	gpos75	4,909,255	liftover	
chr2	158900000	162900000	q24.2	gneg	4,000,000	chr2	159362096	163356865	q24.2	gneg	3,994,769	liftover	
chr2	162900000	168900000	q24.3	gpos75	6,000,000	chr2	163356865	169374490	q24.3	gpos75	6,017,625	liftover	
chr2	168900000	177100000	q31.1	gneg	8,200,000	chr2	169374490	177582181	q31.1	gneg	8,207,691	liftover	
chr2	177100000	179700000	q31.2	gpos50	2,600,000	chr2	177582181	180183173	q31.2	gpos50	2,600,992	liftover	
chr2	179700000	182100000	q31.3	gneg	2,400,000	chr2	180183173	182589080	q31.3	gneg	2,405,907	liftover	
chr2	182100000	188500000	q32.1	gpos75	6,400,000	chr2	182589080	188988809	q32.1	gpos75	6,399,729	liftover	
chr2	188500000	191100000	q32.2	gneg	2,600,000	chr2	188988809	191589136	q32.2	gneg	2,600,327	liftover	
chr2	191100000	196600000	q32.3	gpos75	5,500,000	chr2	191589136	197084040	q32.3	gpos75	5,494,904	liftover	
chr2	196600000	202500000	q33.1	gneg	5,900,000	chr2	197084040	202981065	q33.1	gneg	5,897,025	liftover	
chr2	202500000	204100000	q33.2	gpos50	1,600,000	chr2	202981065	204581908	q33.2	gpos50	1,600,843	liftover	
chr2	204100000	208200000	q33.3	gneg	4,100,000	chr2	204581908	208679779	q33.3	gneg	4,097,871	liftover	
chr2	208200000	214500000	q34	gpos100	6,300,000	chr2	208679779	214984516	q34	gpos100	6,304,737	liftover	
chr2	214500000	220700000	q35	gneg	6,200,000	chr2	214984516	221185014	q35	gneg	6,200,498	liftover	
chr2	220700000	224300000	q36.1	gpos75	3,600,000	chr2	221185014	224783144	q36.1	gpos75	3,598,130	liftover	
chr2	224300000	225200000	q36.2	gneg	900,000	chr2	224783144	225681833	q36.2	gneg	898,689	liftover	
chr2	225200000	230100000	q36.3	gpos100	4,900,000	chr2	225681833	230582566	q36.3	gpos100	4,900,733	liftover	
chr2	230100000	234700000	q37.1	gneg	4,600,000	chr2	230582566	235189048	q37.1	gneg	4,606,482	liftover	
chr2	234700000	236400000	q37.2	gpos50	1,700,000	chr2	235189048	236890330	q37.2	gpos50	1,701,282	liftover	
chr2	236400000	242193529	q37.3	gneg	5,793,529	chr2	236890330	242696752	q37.3	gneg	5,806,422	L boundary liftover, R boundary set to chromosome end	
chr20	0	5100000	p13	gneg	5,100,000	chr20	0	5139422	p13	gneg	5,139,422	liftover	
chr20	5100000	9200000	p12.3	gpos75	4,100,000	chr20	5139422	9242915	p12.3	gpos75	4,103,493	liftover	
chr20	9200000	12000000	p12.2	gneg	2,800,000	chr20	9242915	12043277	p12.2	gneg	2,800,362	liftover	
chr20	12000000	17900000	p12.1	gpos75	5,900,000	chr20	12043277	17951106	p12.1	gpos75	5,907,829	liftover	
chr20	17900000	21300000	p11.23	gneg	3,400,000	chr20	17951106	21359369	p11.23	gneg	3,408,263	liftover	
chr20	21300000	22300000	p11.22	gpos25	1,000,000	chr20	21359369	22357561	p11.22	gpos25	998,192	liftover	
chr20	22300000	25700000	p11.21	gneg	3,400,000	chr20	22357561	26925852	p11.21	gneg	4,568,291	L boundary lifted over, R boundary at HOR array L boundary	
chr20	25700000	28100000	p11.1	acen	2,400,000	chr20	26925852	28012753	p11.1	acen	1,086,901	L boundary at HOR array L boundary, R boundary at midpoint of HOR array	
chr20	28100000	30400000	q11.1	acen	2,300,000	chr20	28012753	29099655	q11.1	acen	1,086,902	R boundary at HOR array R boundary, L boundary at midpoint of HOR array	
chr20	30400000	33500000	q11.21	gneg	3,100,000	chr20	29099655	35226553	q11.21	gneg	6,126,898	L boundary at HOR array R boundary, R boundary lifted over	
chr20	33500000	35800000	q11.22	gpos25	2,300,000	chr20	35226553	37520975	q11.22	gpos25	2,294,422	liftover	
chr20	35800000	39000000	q11.23	gneg	3,200,000	chr20	37520975	40730034	q11.23	gneg	3,209,059	liftover	
chr20	39000000	43100000	q12	gpos75	4,100,000	chr20	40730034	44834038	q12	gpos75	4,104,004	liftover	
chr20	43100000	43500000	q13.11	gneg	400,000	chr20	44834038	45233263	q13.11	gneg	399,225	liftover	
chr20	43500000	47800000	q13.12	gpos25	4,300,000	chr20	45233263	49539094	q13.12	gpos25	4,305,831	liftover	
chr20	47800000	51200000	q13.13	gneg	3,400,000	chr20	49539094	52970605	q13.13	gneg	3,431,511	liftover	
chr20	51200000	56400000	q13.2	gpos75	5,200,000	chr20	52970605	58177493	q13.2	gpos75	5,206,888	liftover	
chr20	56400000	57800000	q13.31	gneg	1,400,000	chr20	58177493	59578060	q13.31	gneg	1,400,567	liftover	
chr20	57800000	59700000	q13.32	gpos50	1,900,000	chr20	59578060	61484264	q13.32	gpos50	1,906,204	liftover	
chr20	59700000	64444167	q13.33	gneg	4,744,167	chr20	61484264	66210255	q13.33	gneg	4,725,991	L boundary liftover, R boundary set to chromosome end	
chr21	0	3100000	p13	gvar	3,100,000	chr21	0	3084882	p13	gvar	3,084,882	R boundary at rDNA L boundary	
chr21	3100000	7000000	p12	stalk	3,900,000	chr21	3084882	5633495	p12	stalk	2,548,613	boundaries at rDNA array boundaries	
chr21	7000000	10900000	p11.2	gvar	3,900,000	chr21	5633495	10962853	p11.2	gvar	5,329,358	L boundary at rDNA R boundary, R boundary at HOR array L boundary	
chr21	10900000	12000000	p11.1	acen	1,100,000	chr21	10962853	11134529	p11.1	acen	171,676	L boundary at HOR array L boundary, R boundary at midpoint of HOR array	
chr21	12000000	13000000	q11.1	acen	1,000,000	chr21	11134529	11306205	q11.1	acen	171,676	R boundary at HOR array R boundary, L boundary at midpoint of HOR array	
chr21	13000000	15000000	q11.2	gneg	2,000,000	chr21	11306205	13355188	q11.2	gneg	2,048,983	L boundary at HOR array R boundary, R boundary lifted over	
chr21	15000000	22600000	q21.1	gpos100	7,600,000	chr21	13355188	20956835	q21.1	gpos100	7,601,647	liftover	
chr21	22600000	25500000	q21.2	gneg	2,900,000	chr21	20956835	23857586	q21.2	gneg	2,900,751	liftover	
chr21	25500000	30200000	q21.3	gpos75	4,700,000	chr21	23857586	28565933	q21.3	gpos75	4,708,347	liftover	
chr21	30200000	34400000	q22.11	gneg	4,200,000	chr21	28565933	32782056	q22.11	gneg	4,216,123	liftover	
chr21	34400000	36400000	q22.12	gpos50	2,000,000	chr21	32782056	34782581	q22.12	gpos50	2,000,525	liftover	
chr21	36400000	38300000	q22.13	gneg	1,900,000	chr21	34782581	36683433	q22.13	gneg	1,900,852	liftover	
chr21	38300000	41200000	q22.2	gpos50	2,900,000	chr21	36683433	39588333	q22.2	gpos50	2,904,900	liftover	
chr21	41200000	46709983	q22.3	gneg	5,509,983	chr21	39588333	45090682	q22.3	gneg	5,502,349	L boundary liftover, R boundary set to chromosome end	
chr22	0	4300000	p13	gvar	4,300,000	chr22	0	4770731	p13	gvar	4,770,731	R boundary at rDNA L boundary	
chr22	4300000	9400000	p12	stalk	5,100,000	chr22	4770731	5743502	p12	stalk	972,771	boundaries at rDNA array boundaries	
chr22	9400000	13700000	p11.2	gvar	4,300,000	chr22	5743502	12788180	p11.2	gvar	7,044,678	L boundary at rDNA R boundary, R boundary at HOR array L boundary	
chr22	13700000	15000000	p11.1	acen	1,300,000	chr22	12788180	14249622	p11.1	acen	1,461,442	L boundary at HOR array L boundary, R boundary at midpoint of HOR array	
chr22	15000000	17400000	q11.1	acen	2,400,000	chr22	14249622	15711065	q11.1	acen	1,461,443	R boundary at HOR array R boundary, L boundary at midpoint of HOR array	
chr22	17400000	21700000	q11.21	gneg	4,300,000	chr22	15711065	22113480	q11.21	gneg	6,402,415	L boundary at HOR array R boundary, R boundary lifted over	
chr22	21700000	23100000	q11.22	gpos25	1,400,000	chr22	22113480	23522872	q11.22	gpos25	1,409,392	liftover	
chr22	23100000	25500000	q11.23	gneg	2,400,000	chr22	23522872	25961147	q11.23	gneg	2,438,275	liftover	
chr22	25500000	29200000	q12.1	gpos50	3,700,000	chr22	25961147	29663505	q12.1	gpos50	3,702,358	liftover	
chr22	29200000	31800000	q12.2	gneg	2,600,000	chr22	29663505	32264007	q12.2	gneg	2,600,502	liftover	
chr22	31800000	37200000	q12.3	gpos50	5,400,000	chr22	32264007	37659920	q12.3	gpos50	5,395,913	liftover	
chr22	37200000	40600000	q13.1	gneg	3,400,000	chr22	37659920	41071957	q13.1	gneg	3,412,037	liftover	
chr22	40600000	43800000	q13.2	gpos50	3,200,000	chr22	41071957	44282889	q13.2	gpos50	3,210,932	liftover	
chr22	43800000	48100000	q13.31	gneg	4,300,000	chr22	44282889	48592476	q13.31	gneg	4,309,587	liftover	
chr22	48100000	49100000	q13.32	gpos50	1,000,000	chr22	48592476	49604335	q13.32	gpos50	1,011,859	liftover	
chr22	49100000	50818468	q13.33	gneg	1,718,468	chr22	49604335	51324926	q13.33	gneg	1,720,591	L boundary liftover, R boundary set to chromosome end	
chr3	0	2800000	p26.3	gpos50	2,800,000	chr3	0	2794029	p26.3	gpos50	2,794,029	liftover	
chr3	2800000	4000000	p26.2	gneg	1,200,000	chr3	2794029	3995951	p26.2	gneg	1,201,922	liftover	
chr3	4000000	8100000	p26.1	gpos50	4,100,000	chr3	3995951	8091216	p26.1	gpos50	4,095,265	liftover	
chr3	8100000	11600000	p25.3	gneg	3,500,000	chr3	8091216	11595822	p25.3	gneg	3,504,606	liftover	
chr3	11600000	13200000	p25.2	gpos25	1,600,000	chr3	11595822	13200348	p25.2	gpos25	1,604,526	liftover	
chr3	13200000	16300000	p25.1	gneg	3,100,000	chr3	13200348	16301213	p25.1	gneg	3,100,865	liftover	
chr3	16300000	23800000	p24.3	gpos100	7,500,000	chr3	16301213	23804776	p24.3	gpos100	7,503,563	liftover	
chr3	23800000	26300000	p24.2	gneg	2,500,000	chr3	23804776	26302605	p24.2	gneg	2,497,829	liftover	
chr3	26300000	30800000	p24.1	gpos75	4,500,000	chr3	26302605	30802486	p24.1	gpos75	4,499,881	liftover	
chr3	30800000	32000000	p23	gneg	1,200,000	chr3	30802486	32002957	p23	gneg	1,200,471	liftover	
chr3	32000000	36400000	p22.3	gpos50	4,400,000	chr3	32002957	36401366	p22.3	gpos50	4,398,409	liftover	
chr3	36400000	39300000	p22.2	gneg	2,900,000	chr3	36401366	39312902	p22.2	gneg	2,911,536	liftover	
chr3	39300000	43600000	p22.1	gpos75	4,300,000	chr3	39312902	43615563	p22.1	gpos75	4,302,661	liftover	
chr3	43600000	44100000	p21.33	gneg	500,000	chr3	43615563	44115566	p21.33	gneg	500,003	liftover	
chr3	44100000	44200000	p21.32	gpos50	100,000	chr3	44115566	44215563	p21.32	gpos50	99,997	liftover	
chr3	44200000	50600000	p21.31	gneg	6,400,000	chr3	44215563	50629881	p21.31	gneg	6,414,318	liftover	
chr3	50600000	52300000	p21.2	gpos25	1,700,000	chr3	50629881	52332899	p21.2	gpos25	1,703,018	liftover	
chr3	52300000	54400000	p21.1	gneg	2,100,000	chr3	52332899	54433863	p21.1	gneg	2,100,964	liftover	
chr3	54400000	58600000	p14.3	gpos50	4,200,000	chr3	54433863	58640379	p14.3	gpos50	4,206,516	liftover	
chr3	58600000	63800000	p14.2	gneg	5,200,000	chr3	58640379	63843624	p14.2	gneg	5,203,245	liftover	
chr3	63800000	69700000	p14.1	gpos50	5,900,000	chr3	63843624	69736880	p14.1	gpos50	5,893,256	liftover	
chr3	69700000	74100000	p13	gneg	4,400,000	chr3	69736880	74141615	p13	gneg	4,404,735	liftover	
chr3	74100000	79800000	p12.3	gpos75	5,700,000	chr3	74141615	79855975	p12.3	gpos75	5,714,360	liftover	
chr3	79800000	83500000	p12.2	gneg	3,700,000	chr3	79855975	83556432	p12.2	gneg	3,700,457	liftover	
chr3	83500000	87100000	p12.1	gpos75	3,600,000	chr3	83556432	87174355	p12.1	gpos75	3,617,923	liftover	
chr3	87100000	87800000	p11.2	gneg	700,000	chr3	87174355	91738002	p11.2	gneg	4,563,647	L boundary lifted over, R boundary at HOR array L boundary	
chr3	87800000	90900000	p11.1	acen	3,100,000	chr3	91738002	94076514	p11.1	acen	2,338,512	L boundary at HOR array L boundary, R boundary at midpoint of HOR array	
chr3	90900000	94000000	q11.1	acen	3,100,000	chr3	94076514	96415026	q11.1	acen	2,338,512	R boundary at HOR array R boundary, L boundary at midpoint of HOR array	
chr3	94000000	98600000	q11.2	gvar	4,600,000	chr3	96415026	101303688	q11.2	gvar	4,888,662	L boundary at HOR array R boundary, R boundary lifted over	
chr3	98600000	100300000	q12.1	gneg	1,700,000	chr3	101303688	103005343	q12.1	gneg	1,701,655	liftover	
chr3	100300000	101200000	q12.2	gpos25	900,000	chr3	103005343	103905942	q12.2	gpos25	900,599	liftover	
chr3	101200000	103100000	q12.3	gneg	1,900,000	chr3	103905942	105816831	q12.3	gneg	1,910,889	liftover	
chr3	103100000	106500000	q13.11	gpos75	3,400,000	chr3	105816831	109218980	q13.11	gpos75	3,402,149	liftover	
chr3	106500000	108200000	q13.12	gneg	1,700,000	chr3	109218980	110919781	q13.12	gneg	1,700,801	liftover	
chr3	108200000	111600000	q13.13	gpos50	3,400,000	chr3	110919781	114320814	q13.13	gpos50	3,401,033	liftover	
chr3	111600000	113700000	q13.2	gneg	2,100,000	chr3	114320814	116421198	q13.2	gneg	2,100,384	liftover	
chr3	113700000	117600000	q13.31	gpos75	3,900,000	chr3	116421198	120319753	q13.31	gpos75	3,898,555	liftover	
chr3	117600000	119300000	q13.32	gneg	1,700,000	chr3	120319753	122019706	q13.32	gneg	1,699,953	liftover	
chr3	119300000	122200000	q13.33	gpos75	2,900,000	chr3	122019706	124919592	q13.33	gpos75	2,899,886	liftover	
chr3	122200000	124100000	q21.1	gneg	1,900,000	chr3	124919592	126826138	q21.1	gneg	1,906,546	liftover	
chr3	124100000	126100000	q21.2	gpos25	2,000,000	chr3	126826138	128832394	q21.2	gpos25	2,006,256	liftover	
chr3	126100000	129500000	q21.3	gneg	3,400,000	chr3	128832394	132244475	q21.3	gneg	3,412,081	liftover	
chr3	129500000	134000000	q22.1	gpos25	4,500,000	chr3	132244475	136745163	q22.1	gpos25	4,500,688	liftover	
chr3	134000000	136000000	q22.2	gneg	2,000,000	chr3	136745163	138745773	q22.2	gneg	2,000,610	liftover	
chr3	136000000	139000000	q22.3	gpos25	3,000,000	chr3	138745773	141741001	q22.3	gpos25	2,995,228	liftover	
chr3	139000000	143100000	q23	gneg	4,100,000	chr3	141741001	145847398	q23	gneg	4,106,397	liftover	
chr3	143100000	149200000	q24	gpos100	6,100,000	chr3	145847398	151950769	q24	gpos100	6,103,371	liftover	
chr3	149200000	152300000	q25.1	gneg	3,100,000	chr3	151950769	155067896	q25.1	gneg	3,117,127	liftover	
chr3	152300000	155300000	q25.2	gpos50	3,000,000	chr3	155067896	158073984	q25.2	gpos50	3,006,088	liftover	
chr3	155300000	157300000	q25.31	gneg	2,000,000	chr3	158073984	160074579	q25.31	gneg	2,000,595	liftover	
chr3	157300000	159300000	q25.32	gpos50	2,000,000	chr3	160074579	162074354	q25.32	gpos50	1,999,775	liftover	
chr3	159300000	161000000	q25.33	gneg	1,700,000	chr3	162074354	163774734	q25.33	gneg	1,700,380	liftover	
chr3	161000000	167900000	q26.1	gpos100	6,900,000	chr3	163774734	170683909	q26.1	gpos100	6,909,175	liftover	
chr3	167900000	171200000	q26.2	gneg	3,300,000	chr3	170683909	173984304	q26.2	gneg	3,300,395	liftover	
chr3	171200000	176000000	q26.31	gpos75	4,800,000	chr3	173984304	178794975	q26.31	gpos75	4,810,671	liftover	
chr3	176000000	179300000	q26.32	gneg	3,300,000	chr3	178794975	182103836	q26.32	gneg	3,308,861	liftover	
chr3	179300000	183000000	q26.33	gpos75	3,700,000	chr3	182103836	185805095	q26.33	gpos75	3,701,259	liftover	
chr3	183000000	184800000	q27.1	gneg	1,800,000	chr3	185805095	187615802	q27.1	gneg	1,810,707	liftover	
chr3	184800000	186300000	q27.2	gpos25	1,500,000	chr3	187615802	189115680	q27.2	gpos25	1,499,878	liftover	
chr3	186300000	188200000	q27.3	gneg	1,900,000	chr3	189115680	191017553	q27.3	gneg	1,901,873	liftover	
chr3	188200000	192600000	q28	gpos75	4,400,000	chr3	191017553	195295941	q28	gpos75	4,278,388	liftover	
chr3	192600000	198295559	q29	gneg	5,695,559	chr3	195295941	201105948	q29	gneg	5,810,007	L boundary liftover, R boundary set to chromosome end	
chr4	0	4500000	p16.3	gneg	4,500,000	chr4	0	4469440	p16.3	gneg	4,469,440	liftover	
chr4	4500000	6000000	p16.2	gpos25	1,500,000	chr4	4469440	5971735	p16.2	gpos25	1,502,295	liftover	
chr4	6000000	11300000	p16.1	gneg	5,300,000	chr4	5971735	11276065	p16.1	gneg	5,304,330	liftover	
chr4	11300000	15000000	p15.33	gpos50	3,700,000	chr4	11276065	14981780	p15.33	gpos50	3,705,715	liftover	
chr4	15000000	17700000	p15.32	gneg	2,700,000	chr4	14981780	17682307	p15.32	gneg	2,700,527	liftover	
chr4	17700000	21300000	p15.31	gpos75	3,600,000	chr4	17682307	21281575	p15.31	gpos75	3,599,268	liftover	
chr4	21300000	27700000	p15.2	gneg	6,400,000	chr4	21281575	27685358	p15.2	gneg	6,403,783	liftover	
chr4	27700000	35800000	p15.1	gpos100	8,100,000	chr4	27685358	35768949	p15.1	gpos100	8,083,591	liftover	
chr4	35800000	41200000	p14	gneg	5,400,000	chr4	35768949	41173799	p14	gneg	5,404,850	liftover	
chr4	41200000	44600000	p13	gpos50	3,400,000	chr4	41173799	44566953	p13	gpos50	3,393,154	liftover	
chr4	44600000	48200000	p12	gneg	3,600,000	chr4	44566953	49705154	p12	gneg	5,138,201	L boundary lifted over, R boundary at HOR array L boundary	
chr4	48200000	50000000	p11	acen	1,800,000	chr4	49705154	52452474	p11	acen	2,747,320	L boundary at HOR array L boundary, R boundary at midpoint of HOR array	
chr4	50000000	51800000	q11	acen	1,800,000	chr4	52452474	55199795	q11	acen	2,747,321	R boundary at HOR array R boundary, L boundary at midpoint of HOR array	
chr4	51800000	58500000	q12	gneg	6,700,000	chr4	55199795	61991213	q12	gneg	6,791,418	L boundary at HOR array R boundary, R boundary lifted over	
chr4	58500000	65500000	q13.1	gpos100	7,000,000	chr4	61991213	68936809	q13.1	gpos100	6,945,596	liftover	
chr4	65500000	69400000	q13.2	gneg	3,900,000	chr4	68936809	72734812	q13.2	gneg	3,798,003	liftover	
chr4	69400000	75300000	q13.3	gpos75	5,900,000	chr4	72734812	78640131	q13.3	gpos75	5,905,319	liftover	
chr4	75300000	78000000	q21.1	gneg	2,700,000	chr4	78640131	81340837	q21.1	gneg	2,700,706	liftover	
chr4	78000000	81500000	q21.21	gpos50	3,500,000	chr4	81340837	84829707	q21.21	gpos50	3,488,870	liftover	
chr4	81500000	83200000	q21.22	gneg	1,700,000	chr4	84829707	86530115	q21.22	gneg	1,700,408	liftover	
chr4	83200000	86000000	q21.23	gpos25	2,800,000	chr4	86530115	89329480	q21.23	gpos25	2,799,365	liftover	
chr4	86000000	87100000	q21.3	gneg	1,100,000	chr4	89329480	90429379	q21.3	gneg	1,099,899	liftover	
chr4	87100000	92800000	q22.1	gpos75	5,700,000	chr4	90429379	96127729	q22.1	gpos75	5,698,350	liftover	
chr4	92800000	94200000	q22.2	gneg	1,400,000	chr4	96127729	97515472	q22.2	gneg	1,387,743	liftover	
chr4	94200000	97900000	q22.3	gpos75	3,700,000	chr4	97515472	101214669	q22.3	gpos75	3,699,197	liftover	
chr4	97900000	100100000	q23	gneg	2,200,000	chr4	101214669	103415497	q23	gneg	2,200,828	liftover	
chr4	100100000	106700000	q24	gpos50	6,600,000	chr4	103415497	110005081	q24	gpos50	6,589,584	liftover	
chr4	106700000	113200000	q25	gneg	6,500,000	chr4	110005081	116508718	q25	gneg	6,503,637	liftover	
chr4	113200000	119900000	q26	gpos75	6,700,000	chr4	116508718	123205172	q26	gpos75	6,696,454	liftover	
chr4	119900000	122800000	q27	gneg	2,900,000	chr4	123205172	126104099	q27	gneg	2,898,927	liftover	
chr4	122800000	127900000	q28.1	gpos50	5,100,000	chr4	126104099	131203026	q28.1	gpos50	5,098,927	liftover	
chr4	127900000	130100000	q28.2	gneg	2,200,000	chr4	131203026	133404460	q28.2	gneg	2,201,434	liftover	
chr4	130100000	138500000	q28.3	gpos100	8,400,000	chr4	133404460	141823705	q28.3	gpos100	8,419,245	liftover	
chr4	138500000	140600000	q31.1	gneg	2,100,000	chr4	141823705	143919702	q31.1	gneg	2,095,997	liftover	
chr4	140600000	145900000	q31.21	gpos25	5,300,000	chr4	143919702	149216051	q31.21	gpos25	5,296,349	liftover	
chr4	145900000	147500000	q31.22	gneg	1,600,000	chr4	149216051	150824125	q31.22	gneg	1,608,074	liftover	
chr4	147500000	150200000	q31.23	gpos25	2,700,000	chr4	150824125	153521681	q31.23	gpos25	2,697,556	liftover	
chr4	150200000	154600000	q31.3	gneg	4,400,000	chr4	153521681	157931811	q31.3	gneg	4,410,130	liftover	
chr4	154600000	160800000	q32.1	gpos100	6,200,000	chr4	157931811	164150415	q32.1	gpos100	6,218,604	liftover	
chr4	160800000	163600000	q32.2	gneg	2,800,000	chr4	164150415	166947399	q32.2	gneg	2,796,984	liftover	
chr4	163600000	169200000	q32.3	gpos100	5,600,000	chr4	166947399	172559730	q32.3	gpos100	5,612,331	liftover	
chr4	169200000	171000000	q33	gneg	1,800,000	chr4	172559730	174357423	q33	gneg	1,797,693	liftover	
chr4	171000000	175400000	q34.1	gpos75	4,400,000	chr4	174357423	178738596	q34.1	gpos75	4,381,173	liftover	
chr4	175400000	176600000	q34.2	gneg	1,200,000	chr4	178738596	179939101	q34.2	gneg	1,200,505	liftover	
chr4	176600000	182300000	q34.3	gpos100	5,700,000	chr4	179939101	185641813	q34.3	gpos100	5,702,712	liftover	
chr4	182300000	186200000	q35.1	gneg	3,900,000	chr4	185641813	189540361	q35.1	gneg	3,898,548	liftover	
chr4	186200000	190214555	q35.2	gpos25	4,014,555	chr4	189540361	193574945	q35.2	gpos25	4,034,584	L boundary liftover, R boundary set to chromosome end	
chr5	0	4400000	p15.33	gneg	4,400,000	chr5	0	4327607	p15.33	gneg	4,327,607	liftover	
chr5	4400000	6300000	p15.32	gpos25	1,900,000	chr5	4327607	6228676	p15.32	gpos25	1,901,069	liftover	
chr5	6300000	9900000	p15.31	gneg	3,600,000	chr5	6228676	9839807	p15.31	gneg	3,611,131	liftover	
chr5	9900000	15000000	p15.2	gpos50	5,100,000	chr5	9839807	14939449	p15.2	gpos50	5,099,642	liftover	
chr5	15000000	18400000	p15.1	gneg	3,400,000	chr5	14939449	18401838	p15.1	gneg	3,462,389	liftover	
chr5	18400000	23300000	p14.3	gpos100	4,900,000	chr5	18401838	23407694	p14.3	gpos100	5,005,856	liftover	
chr5	23300000	24600000	p14.2	gneg	1,300,000	chr5	23407694	24705214	p14.2	gneg	1,297,520	liftover	
chr5	24600000	28900000	p14.1	gpos100	4,300,000	chr5	24705214	29005224	p14.1	gpos100	4,300,010	liftover	
chr5	28900000	33800000	p13.3	gneg	4,900,000	chr5	29005224	33919872	p13.3	gneg	4,914,648	liftover	
chr5	33800000	38400000	p13.2	gpos25	4,600,000	chr5	33919872	38649069	p13.2	gpos25	4,729,197	liftover	
chr5	38400000	42500000	p13.1	gneg	4,100,000	chr5	38649069	42755507	p13.1	gneg	4,106,438	liftover	
chr5	42500000	46100000	p12	gpos50	3,600,000	chr5	42755507	47039134	p12	gpos50	4,283,627	L boundary lifted over, R boundary at HOR array L boundary	
chr5	46100000	48800000	p11	acen	2,700,000	chr5	47039134	48317879	p11	acen	1,278,745	L boundary at HOR array L boundary, R boundary at midpoint of HOR array	
chr5	48800000	51400000	q11.1	acen	2,600,000	chr5	48317879	49596625	q11.1	acen	1,278,746	R boundary at HOR array R boundary, L boundary at midpoint of HOR array	
chr5	51400000	59600000	q11.2	gneg	8,200,000	chr5	49596625	60418219	q11.2	gneg	10,821,594	L boundary at HOR array R boundary, R boundary lifted over	
chr5	59600000	63600000	q12.1	gpos75	4,000,000	chr5	60418219	64420173	q12.1	gpos75	4,001,954	liftover	
chr5	63600000	63900000	q12.2	gneg	300,000	chr5	64420173	64720135	q12.2	gneg	299,962	liftover	
chr5	63900000	67400000	q12.3	gpos75	3,500,000	chr5	64720135	68222153	q12.3	gpos75	3,502,018	liftover	
chr5	67400000	69100000	q13.1	gneg	1,700,000	chr5	68222153	69922486	q13.1	gneg	1,700,333	liftover	
chr5	69100000	74000000	q13.2	gpos50	4,900,000	chr5	69922486	74481328	q13.2	gpos50	4,558,842	liftover	
chr5	74000000	77600000	q13.3	gneg	3,600,000	chr5	74481328	78082577	q13.3	gneg	3,601,249	liftover	
chr5	77600000	82100000	q14.1	gpos50	4,500,000	chr5	78082577	82584664	q14.1	gpos50	4,502,087	liftover	
chr5	82100000	83500000	q14.2	gneg	1,400,000	chr5	82584664	83988771	q14.2	gneg	1,404,107	liftover	
chr5	83500000	93000000	q14.3	gpos100	9,500,000	chr5	83988771	93484055	q14.3	gpos100	9,495,284	liftover	
chr5	93000000	98900000	q15	gneg	5,900,000	chr5	93484055	99403284	q15	gneg	5,919,229	liftover	
chr5	98900000	103400000	q21.1	gpos100	4,500,000	chr5	99403284	103908183	q21.1	gpos100	4,504,899	liftover	
chr5	103400000	105100000	q21.2	gneg	1,700,000	chr5	103908183	105604211	q21.2	gneg	1,696,028	liftover	
chr5	105100000	110200000	q21.3	gpos100	5,100,000	chr5	105604211	110710493	q21.3	gpos100	5,106,282	liftover	
chr5	110200000	112200000	q22.1	gneg	2,000,000	chr5	110710493	112710455	q22.1	gneg	1,999,962	liftover	
chr5	112200000	113800000	q22.2	gpos50	1,600,000	chr5	112710455	114312885	q22.2	gpos50	1,602,430	liftover	
chr5	113800000	115900000	q22.3	gneg	2,100,000	chr5	114312885	116412397	q22.3	gneg	2,099,512	liftover	
chr5	115900000	122100000	q23.1	gpos100	6,200,000	chr5	116412397	122616882	q23.1	gpos100	6,204,485	liftover	
chr5	122100000	127900000	q23.2	gneg	5,800,000	chr5	122616882	128419736	q23.2	gneg	5,802,854	liftover	
chr5	127900000	131200000	q23.3	gpos100	3,300,000	chr5	128419736	131718996	q23.3	gpos100	3,299,260	liftover	
chr5	131200000	136900000	q31.1	gneg	5,700,000	chr5	131718996	137422646	q31.1	gneg	5,703,650	liftover	
chr5	136900000	140100000	q31.2	gpos25	3,200,000	chr5	137422646	140625098	q31.2	gpos25	3,202,452	liftover	
chr5	140100000	145100000	q31.3	gneg	5,000,000	chr5	140625098	145634538	q31.3	gneg	5,009,440	liftover	
chr5	145100000	150400000	q32	gpos75	5,300,000	chr5	145634538	150936541	q32	gpos75	5,302,003	liftover	
chr5	150400000	153300000	q33.1	gneg	2,900,000	chr5	150936541	153833148	q33.1	gneg	2,896,607	liftover	
chr5	153300000	156300000	q33.2	gpos50	3,000,000	chr5	153833148	156818817	q33.2	gpos50	2,985,669	liftover	
chr5	156300000	160500000	q33.3	gneg	4,200,000	chr5	156818817	161028563	q33.3	gneg	4,209,746	liftover	
chr5	160500000	169000000	q34	gpos100	8,500,000	chr5	161028563	169535680	q34	gpos100	8,507,117	liftover	
chr5	169000000	173300000	q35.1	gneg	4,300,000	chr5	169535680	173840079	q35.1	gneg	4,304,399	liftover	
chr5	173300000	177100000	q35.2	gpos25	3,800,000	chr5	173840079	177643208	q35.2	gpos25	3,803,129	liftover	
chr5	177100000	181538259	q35.3	gneg	4,438,259	chr5	177643208	182045439	q35.3	gneg	4,402,231	L boundary liftover, R boundary set to chromosome end	
chr6	0	2300000	p25.3	gneg	2,300,000	chr6	0	2163637	p25.3	gneg	2,163,637	manual adjustment to match neighboring band boundary	
chr6	2300000	4200000	p25.2	gpos25	1,900,000	chr6	2163637	4069276	p25.2	gpos25	1,905,639	liftover	
chr6	4200000	7100000	p25.1	gneg	2,900,000	chr6	4069276	6969513	p25.1	gneg	2,900,237	liftover	
chr6	7100000	10600000	p24.3	gpos50	3,500,000	chr6	6969513	10467733	p24.3	gpos50	3,498,220	liftover	
chr6	10600000	11600000	p24.2	gneg	1,000,000	chr6	10467733	11468370	p24.2	gneg	1,000,637	liftover	
chr6	11600000	13400000	p24.1	gpos25	1,800,000	chr6	11468370	13273264	p24.1	gpos25	1,804,894	liftover	
chr6	13400000	15200000	p23	gneg	1,800,000	chr6	13273264	15073193	p23	gneg	1,799,929	liftover	
chr6	15200000	25200000	p22.3	gpos75	10,000,000	chr6	15073193	25065737	p22.3	gpos75	9,992,544	liftover	
chr6	25200000	27100000	p22.2	gneg	1,900,000	chr6	25065737	26968681	p22.2	gneg	1,902,944	liftover	
chr6	27100000	30500000	p22.1	gpos50	3,400,000	chr6	26968681	30364188	p22.1	gpos50	3,395,507	liftover	
chr6	30500000	32100000	p21.33	gneg	1,600,000	chr6	30364188	31953196	p21.33	gneg	1,589,008	liftover	
chr6	32100000	33500000	p21.32	gpos25	1,400,000	chr6	31953196	33321362	p21.32	gpos25	1,368,166	manual adjustment to match neighboring band boundaries	
chr6	33500000	36600000	p21.31	gneg	3,100,000	chr6	33321362	36420643	p21.31	gneg	3,099,281	liftover	
chr6	36600000	40500000	p21.2	gpos25	3,900,000	chr6	36420643	40327879	p21.2	gpos25	3,907,236	liftover	
chr6	40500000	46200000	p21.1	gneg	5,700,000	chr6	40327879	46035128	p21.1	gneg	5,707,249	liftover	
chr6	46200000	51800000	p12.3	gpos100	5,600,000	chr6	46035128	51643048	p12.3	gpos100	5,607,920	liftover	
chr6	51800000	53000000	p12.2	gneg	1,200,000	chr6	51643048	52839576	p12.2	gneg	1,196,528	liftover	
chr6	53000000	57200000	p12.1	gpos100	4,200,000	chr6	52839576	57039025	p12.1	gpos100	4,199,449	liftover	
chr6	57200000	58500000	p11.2	gneg	1,300,000	chr6	57039025	58286706	p11.2	gneg	1,247,681	L boundary lifted over, R boundary at HOR array L boundary	
chr6	58500000	59800000	p11.1	acen	1,300,000	chr6	58286706	59672548	p11.1	acen	1,385,842	L boundary at HOR array L boundary, R boundary at midpoint of HOR array	
chr6	59800000	62600000	q11.1	acen	2,800,000	chr6	59672548	61058390	q11.1	acen	1,385,842	R boundary at HOR array R boundary, L boundary at midpoint of HOR array	
chr6	62600000	62700000	q11.2	gneg	100,000	chr6	61058390	63845066	q11.2	gneg	2,786,676	L boundary at HOR array R boundary, R boundary lifted over	
chr6	62700000	69200000	q12	gpos100	6,500,000	chr6	63845066	70378649	q12	gpos100	6,533,583	liftover	
chr6	69200000	75200000	q13	gneg	6,000,000	chr6	70378649	76377151	q13	gneg	5,998,502	liftover	
chr6	75200000	83200000	q14.1	gpos50	8,000,000	chr6	76377151	84423242	q14.1	gpos50	8,046,091	liftover	
chr6	83200000	84200000	q14.2	gneg	1,000,000	chr6	84423242	85423294	q14.2	gneg	1,000,052	liftover	
chr6	84200000	87300000	q14.3	gpos50	3,100,000	chr6	85423294	88508804	q14.3	gpos50	3,085,510	liftover	
chr6	87300000	92500000	q15	gneg	5,200,000	chr6	88508804	93711666	q15	gneg	5,202,862	liftover	
chr6	92500000	98900000	q16.1	gpos100	6,400,000	chr6	93711666	100074369	q16.1	gpos100	6,362,703	liftover	
chr6	98900000	100000000	q16.2	gneg	1,100,000	chr6	100074369	101173694	q16.2	gneg	1,099,325	liftover	
chr6	100000000	105000000	q16.3	gpos100	5,000,000	chr6	101173694	106176013	q16.3	gpos100	5,002,319	liftover	
chr6	105000000	114200000	q21	gneg	9,200,000	chr6	106176013	115383115	q21	gneg	9,207,102	liftover	
chr6	114200000	117900000	q22.1	gpos75	3,700,000	chr6	115383115	119084265	q22.1	gpos75	3,701,150	liftover	
chr6	117900000	118100000	q22.2	gneg	200,000	chr6	119084265	119285071	q22.2	gneg	200,806	liftover	
chr6	118100000	125800000	q22.31	gpos100	7,700,000	chr6	119285071	126988674	q22.31	gpos100	7,703,603	liftover	
chr6	125800000	126800000	q22.32	gneg	1,000,000	chr6	126988674	127988742	q22.32	gneg	1,000,068	liftover	
chr6	126800000	130000000	q22.33	gpos75	3,200,000	chr6	127988742	131194763	q22.33	gpos75	3,206,021	liftover	
chr6	130000000	130900000	q23.1	gneg	900,000	chr6	131194763	132095087	q23.1	gneg	900,324	liftover	
chr6	130900000	134700000	q23.2	gpos50	3,800,000	chr6	132095087	135888233	q23.2	gpos50	3,793,146	liftover	
chr6	134700000	138300000	q23.3	gneg	3,600,000	chr6	135888233	139488489	q23.3	gneg	3,600,256	liftover	
chr6	138300000	142200000	q24.1	gpos75	3,900,000	chr6	139488489	143392072	q24.1	gpos75	3,903,583	liftover	
chr6	142200000	145100000	q24.2	gneg	2,900,000	chr6	143392072	146292619	q24.2	gneg	2,900,547	liftover	
chr6	145100000	148500000	q24.3	gpos75	3,400,000	chr6	146292619	149696304	q24.3	gpos75	3,403,685	liftover	
chr6	148500000	152100000	q25.1	gneg	3,600,000	chr6	149696304	153301308	q25.1	gneg	3,605,004	liftover	
chr6	152100000	155200000	q25.2	gpos50	3,100,000	chr6	153301308	156401943	q25.2	gpos50	3,100,635	liftover	
chr6	155200000	160600000	q25.3	gneg	5,400,000	chr6	156401943	161852984	q25.3	gneg	5,451,041	liftover	
chr6	160600000	164100000	q26	gpos50	3,500,000	chr6	161852984	165464819	q26	gpos50	3,611,835	liftover	
chr6	164100000	170805979	q27	gneg	6,705,979	chr6	165464819	172126628	q27	gneg	6,661,809	L boundary liftover, R boundary set to chromosome end	
chr7	0	2800000	p22.3	gneg	2,800,000	chr7	0	2913569	p22.3	gneg	2,913,569	liftover	
chr7	2800000	4500000	p22.2	gpos25	1,700,000	chr7	2913569	4616674	p22.2	gpos25	1,703,105	liftover	
chr7	4500000	7200000	p22.1	gneg	2,700,000	chr7	4616674	7319206	p22.1	gneg	2,702,532	liftover	
chr7	7200000	13700000	p21.3	gpos100	6,500,000	chr7	7319206	13832042	p21.3	gpos100	6,512,836	liftover	
chr7	13700000	16500000	p21.2	gneg	2,800,000	chr7	13832042	16629717	p21.2	gneg	2,797,675	liftover	
chr7	16500000	20900000	p21.1	gpos100	4,400,000	chr7	16629717	21036083	p21.1	gpos100	4,406,366	liftover	
chr7	20900000	25500000	p15.3	gneg	4,600,000	chr7	21036083	25635438	p15.3	gneg	4,599,355	liftover	
chr7	25500000	27900000	p15.2	gpos50	2,400,000	chr7	25635438	28037762	p15.2	gpos50	2,402,324	liftover	
chr7	27900000	28800000	p15.1	gneg	900,000	chr7	28037762	28937489	p15.1	gneg	899,727	liftover	
chr7	28800000	34900000	p14.3	gpos75	6,100,000	chr7	28937489	35040677	p14.3	gpos75	6,103,188	liftover	
chr7	34900000	37100000	p14.2	gneg	2,200,000	chr7	35040677	37240409	p14.2	gneg	2,199,732	liftover	
chr7	37100000	43300000	p14.1	gpos75	6,200,000	chr7	37240409	43458167	p14.1	gpos75	6,217,758	liftover	
chr7	43300000	45400000	p13	gneg	2,100,000	chr7	43458167	45560768	p13	gneg	2,102,601	liftover	
chr7	45400000	49000000	p12.3	gpos75	3,600,000	chr7	45560768	49160858	p12.3	gpos75	3,600,090	liftover	
chr7	49000000	50500000	p12.2	gneg	1,500,000	chr7	49160858	50661224	p12.2	gneg	1,500,366	liftover	
chr7	50500000	53900000	p12.1	gpos75	3,400,000	chr7	50661224	54061627	p12.1	gpos75	3,400,403	liftover	
chr7	53900000	58100000	p11.2	gneg	4,200,000	chr7	54061627	60414372	p11.2	gneg	6,352,745	L boundary lifted over, R boundary at HOR array L boundary	
chr7	58100000	60100000	p11.1	acen	2,000,000	chr7	60414372	62064435	p11.1	acen	1,650,063	L boundary at HOR array L boundary, R boundary at midpoint of HOR array	
chr7	60100000	62100000	q11.1	acen	2,000,000	chr7	62064435	63714499	q11.1	acen	1,650,064	R boundary at HOR array R boundary, L boundary at midpoint of HOR array	
chr7	62100000	67500000	q11.21	gneg	5,400,000	chr7	63714499	68720114	q11.21	gneg	5,005,615	L boundary at HOR array R boundary, R boundary lifted over	
chr7	67500000	72700000	q11.22	gpos50	5,200,000	chr7	68720114	73918537	q11.22	gpos50	5,198,423	liftover	
chr7	72700000	77900000	q11.23	gneg	5,200,000	chr7	73918537	79151921	q11.23	gneg	5,233,384	liftover	
chr7	77900000	86700000	q21.11	gpos100	8,800,000	chr7	79151921	87949894	q21.11	gpos100	8,797,973	liftover	
chr7	86700000	88500000	q21.12	gneg	1,800,000	chr7	87949894	89750628	q21.12	gneg	1,800,734	liftover	
chr7	88500000	91500000	q21.13	gpos75	3,000,000	chr7	89750628	92747879	q21.13	gpos75	2,997,251	liftover	
chr7	91500000	93300000	q21.2	gneg	1,800,000	chr7	92747879	94542054	q21.2	gneg	1,794,175	liftover	
chr7	93300000	98400000	q21.3	gpos75	5,100,000	chr7	94542054	99630796	q21.3	gpos75	5,088,742	liftover	
chr7	98400000	104200000	q22.1	gneg	5,800,000	chr7	99630796	105514255	q22.1	gneg	5,883,459	liftover	
chr7	104200000	104900000	q22.2	gpos50	700,000	chr7	105514255	106214835	q22.2	gpos50	700,580	liftover	
chr7	104900000	107800000	q22.3	gneg	2,900,000	chr7	106214835	109118351	q22.3	gneg	2,903,516	liftover	
chr7	107800000	115000000	q31.1	gpos75	7,200,000	chr7	109118351	116314793	q31.1	gpos75	7,196,442	liftover	
chr7	115000000	117700000	q31.2	gneg	2,700,000	chr7	116314793	119015389	q31.2	gneg	2,700,596	liftover	
chr7	117700000	121400000	q31.31	gpos75	3,700,000	chr7	119015389	122715324	q31.31	gpos75	3,699,935	liftover	
chr7	121400000	124100000	q31.32	gneg	2,700,000	chr7	122715324	125416714	q31.32	gneg	2,701,390	liftover	
chr7	124100000	127500000	q31.33	gpos75	3,400,000	chr7	125416714	128811644	q31.33	gpos75	3,394,930	liftover	
chr7	127500000	129600000	q32.1	gneg	2,100,000	chr7	128811644	130913119	q32.1	gneg	2,101,475	liftover	
chr7	129600000	130800000	q32.2	gpos25	1,200,000	chr7	130913119	132117533	q32.2	gpos25	1,204,414	liftover	
chr7	130800000	132900000	q32.3	gneg	2,100,000	chr7	132117533	134221510	q32.3	gneg	2,103,977	liftover	
chr7	132900000	138500000	q33	gpos50	5,600,000	chr7	134221510	139809728	q33	gpos50	5,588,218	liftover	
chr7	138500000	143400000	q34	gneg	4,900,000	chr7	139809728	144755427	q34	gneg	4,945,699	liftover	
chr7	143400000	148200000	q35	gpos75	4,800,000	chr7	144755427	149379963	q35	gpos75	4,624,536	liftover	
chr7	148200000	152800000	q36.1	gneg	4,600,000	chr7	149379963	153973252	q36.1	gneg	4,593,289	liftover	
chr7	152800000	155200000	q36.2	gpos25	2,400,000	chr7	153973252	156375514	q36.2	gpos25	2,402,262	liftover	
chr7	155200000	159345973	q36.3	gneg	4,145,973	chr7	156375514	160567428	q36.3	gneg	4,191,914	L boundary liftover, R boundary set to chromosome end	
chr8	0	2300000	p23.3	gneg	2,300,000	chr8	0	2084125	p23.3	gneg	2,084,125	manual adjustment to match neighboring band boundary	
chr8	2300000	6300000	p23.2	gpos75	4,000,000	chr8	2084125	6054502	p23.2	gpos75	3,970,377	liftover	
chr8	6300000	12800000	p23.1	gneg	6,500,000	chr8	6054502	13066163	p23.1	gneg	7,011,661	manual adjustment to match neighboring band boundaries	
chr8	12800000	19200000	p22	gpos100	6,400,000	chr8	13066163	19465021	p22	gpos100	6,398,858	liftover	
chr8	19200000	23500000	p21.3	gneg	4,300,000	chr8	19465021	23774881	p21.3	gneg	4,309,860	liftover	
chr8	23500000	27500000	p21.2	gpos50	4,000,000	chr8	23774881	27777347	p21.2	gpos50	4,002,466	liftover	
chr8	27500000	29000000	p21.1	gneg	1,500,000	chr8	27777347	29278158	p21.1	gneg	1,500,811	liftover	
chr8	29000000	36700000	p12	gpos75	7,700,000	chr8	29278158	36976053	p12	gpos75	7,697,895	liftover	
chr8	36700000	38500000	p11.23	gneg	1,800,000	chr8	36976053	38776976	p11.23	gneg	1,800,923	liftover	
chr8	38500000	39900000	p11.22	gpos25	1,400,000	chr8	38776976	40177151	p11.22	gpos25	1,400,175	liftover	
chr8	39900000	43200000	p11.21	gneg	3,300,000	chr8	40177151	44215832	p11.21	gneg	4,038,681	L boundary lifted over, R boundary at HOR array L boundary	
chr8	43200000	45200000	p11.1	acen	2,000,000	chr8	44215832	45270456	p11.1	acen	1,054,624	L boundary at HOR array L boundary, R boundary at midpoint of HOR array	
chr8	45200000	47200000	q11.1	acen	2,000,000	chr8	45270456	46325080	q11.1	acen	1,054,624	R boundary at HOR array R boundary, L boundary at midpoint of HOR array	
chr8	47200000	51300000	q11.21	gneg	4,100,000	chr8	46325080	51673061	q11.21	gneg	5,347,981	L boundary at HOR array R boundary, R boundary lifted over	
chr8	51300000	51700000	q11.22	gpos75	400,000	chr8	51673061	52073547	q11.22	gpos75	400,486	liftover	
chr8	51700000	54600000	q11.23	gneg	2,900,000	chr8	52073547	54977464	q11.23	gneg	2,903,917	liftover	
chr8	54600000	60600000	q12.1	gpos50	6,000,000	chr8	54977464	61023743	q12.1	gpos50	6,046,279	liftover	
chr8	60600000	61300000	q12.2	gneg	700,000	chr8	61023743	61723740	q12.2	gneg	699,997	liftover	
chr8	61300000	65100000	q12.3	gpos50	3,800,000	chr8	61723740	65525777	q12.3	gpos50	3,802,037	liftover	
chr8	65100000	67100000	q13.1	gneg	2,000,000	chr8	65525777	67526469	q13.1	gneg	2,000,692	liftover	
chr8	67100000	69600000	q13.2	gpos50	2,500,000	chr8	67526469	70029827	q13.2	gpos50	2,503,358	liftover	
chr8	69600000	72000000	q13.3	gneg	2,400,000	chr8	70029827	72435109	q13.3	gneg	2,405,282	liftover	
chr8	72000000	74600000	q21.11	gpos100	2,600,000	chr8	72435109	75029437	q21.11	gpos100	2,594,328	liftover	
chr8	74600000	74700000	q21.12	gneg	100,000	chr8	75029437	75129430	q21.12	gneg	99,993	liftover	
chr8	74700000	83500000	q21.13	gpos75	8,800,000	chr8	75129430	83931590	q21.13	gpos75	8,802,160	liftover	
chr8	83500000	85900000	q21.2	gneg	2,400,000	chr8	83931590	87017433	q21.2	gneg	3,085,843	liftover	
chr8	85900000	92300000	q21.3	gpos100	6,400,000	chr8	87017433	93425090	q21.3	gpos100	6,407,657	liftover	
chr8	92300000	97900000	q22.1	gneg	5,600,000	chr8	93425090	99025482	q22.1	gneg	5,600,392	liftover	
chr8	97900000	100500000	q22.2	gpos25	2,600,000	chr8	99025482	101626041	q22.2	gpos25	2,600,559	liftover	
chr8	100500000	105100000	q22.3	gneg	4,600,000	chr8	101626041	106227505	q22.3	gneg	4,601,464	liftover	
chr8	105100000	109500000	q23.1	gpos75	4,400,000	chr8	106227505	110628554	q23.1	gpos75	4,401,049	liftover	
chr8	109500000	111100000	q23.2	gneg	1,600,000	chr8	110628554	112228628	q23.2	gneg	1,600,074	liftover	
chr8	111100000	116700000	q23.3	gpos100	5,600,000	chr8	112228628	117826624	q23.3	gpos100	5,597,996	liftover	
chr8	116700000	118300000	q24.11	gneg	1,600,000	chr8	117826624	119428452	q24.11	gneg	1,601,828	liftover	
chr8	118300000	121500000	q24.12	gpos50	3,200,000	chr8	119428452	122630227	q24.12	gpos50	3,201,775	liftover	
chr8	121500000	126300000	q24.13	gneg	4,800,000	chr8	122630227	127427152	q24.13	gneg	4,796,925	liftover	
chr8	126300000	130400000	q24.21	gpos50	4,100,000	chr8	127427152	131526643	q24.21	gpos50	4,099,491	liftover	
chr8	130400000	135400000	q24.22	gneg	5,000,000	chr8	131526643	136517853	q24.22	gneg	4,991,210	liftover	
chr8	135400000	138900000	q24.23	gpos75	3,500,000	chr8	136517853	140019529	q24.23	gpos75	3,501,676	liftover	
chr8	138900000	145138636	q24.3	gneg	6,238,636	chr8	140019529	146259331	q24.3	gneg	6,239,802	L boundary liftover, R boundary set to chromosome end	
chr9	0	2200000	p24.3	gneg	2,200,000	chr9	0	2202472	p24.3	gneg	2,202,472	liftover	
chr9	2200000	4600000	p24.2	gpos25	2,400,000	chr9	2202472	4603652	p24.2	gpos25	2,401,180	liftover	
chr9	4600000	9000000	p24.1	gneg	4,400,000	chr9	4603652	9006617	p24.1	gneg	4,402,965	liftover	
chr9	9000000	14200000	p23	gpos75	5,200,000	chr9	9006617	14209493	p23	gpos75	5,202,876	liftover	
chr9	14200000	16600000	p22.3	gneg	2,400,000	chr9	14209493	16611825	p22.3	gneg	2,402,332	liftover	
chr9	16600000	18500000	p22.2	gpos25	1,900,000	chr9	16611825	18513245	p22.2	gpos25	1,901,420	liftover	
chr9	18500000	19900000	p22.1	gneg	1,400,000	chr9	18513245	19913875	p22.1	gneg	1,400,630	liftover	
chr9	19900000	25600000	p21.3	gpos100	5,700,000	chr9	19913875	25610359	p21.3	gpos100	5,696,484	liftover	
chr9	25600000	28000000	p21.2	gneg	2,400,000	chr9	25610359	28010599	p21.2	gneg	2,400,240	liftover	
chr9	28000000	33200000	p21.1	gpos100	5,200,000	chr9	28010599	33218700	p21.1	gpos100	5,208,101	liftover	
chr9	33200000	36300000	p13.3	gneg	3,100,000	chr9	33218700	36322011	p13.3	gneg	3,103,311	liftover	
chr9	36300000	37900000	p13.2	gpos25	1,600,000	chr9	36322011	37923910	p13.2	gpos25	1,601,899	liftover	
chr9	37900000	39000000	p13.1	gneg	1,100,000	chr9	37923910	39013701	p13.1	gneg	1,089,791	liftover	
chr9	39000000	40000000	p12	gpos50	1,000,000	chr9	39013701	40014198	p12	gpos50	1,000,497	liftover	
chr9	40000000	42200000	p11.2	gneg	2,200,000	chr9	40014198	44951775	p11.2	gneg	4,937,577	L boundary lifted over, R boundary at HOR array L boundary	
chr9	42200000	43000000	p11.1	acen	800,000	chr9	44951775	46267185	p11.1	acen	1,315,410	L boundary at HOR array L boundary, R boundary at midpoint of HOR array	
chr9	43000000	45500000	q11	acen	2,500,000	chr9	46267185	47582595	q11	acen	1,315,410	R boundary at HOR array R boundary, L boundary at midpoint of HOR array	
chr9	45500000	61500000	q12	gvar	16,000,000	chr9	47582595	76694047	q12	gvar	29,111,452	L boundary at HOR array R boundary, R boundary set to HSat3 array R boundary	
chr9	61500000	65000000	q13	gneg	3,500,000	chr9	76694047	77166639	q13	gneg	472,592	L boundary set to HSat3 array R boundary, R boundary set to preserve q21.11 length	
chr9	65000000	69300000	q21.11	gpos25	4,300,000	chr9	77166639	81466639	q21.11	gpos25	4,300,000	L boundary set to preserve q21.11 length, R boundary lifted over	
chr9	69300000	71300000	q21.12	gneg	2,000,000	chr9	81466639	83449676	q21.12	gneg	1,983,037	liftover	
chr9	71300000	76600000	q21.13	gpos50	5,300,000	chr9	83449676	88756405	q21.13	gpos50	5,306,729	liftover	
chr9	76600000	78500000	q21.2	gneg	1,900,000	chr9	88756405	90657183	q21.2	gneg	1,900,778	liftover	
chr9	78500000	81500000	q21.31	gpos50	3,000,000	chr9	90657183	93652149	q21.31	gpos50	2,994,966	liftover	
chr9	81500000	84300000	q21.32	gneg	2,800,000	chr9	93652149	96450330	q21.32	gneg	2,798,181	liftover	
chr9	84300000	87800000	q21.33	gpos50	3,500,000	chr9	96450330	99953385	q21.33	gpos50	3,503,055	liftover	
chr9	87800000	89200000	q22.1	gneg	1,400,000	chr9	99953385	101362780	q22.1	gneg	1,409,395	liftover	
chr9	89200000	91200000	q22.2	gpos25	2,000,000	chr9	101362780	103366144	q22.2	gpos25	2,003,364	liftover	
chr9	91200000	93900000	q22.31	gneg	2,700,000	chr9	103366144	106067989	q22.31	gneg	2,701,845	liftover	
chr9	93900000	96500000	q22.32	gpos25	2,600,000	chr9	106067989	108671778	q22.32	gpos25	2,603,789	liftover	
chr9	96500000	99800000	q22.33	gneg	3,300,000	chr9	108671778	111971620	q22.33	gneg	3,299,842	liftover	
chr9	99800000	105400000	q31.1	gpos100	5,600,000	chr9	111971620	117574632	q31.1	gpos100	5,603,012	liftover	
chr9	105400000	108500000	q31.2	gneg	3,100,000	chr9	117574632	120669232	q31.2	gneg	3,094,600	liftover	
chr9	108500000	112100000	q31.3	gpos25	3,600,000	chr9	120669232	124271384	q31.3	gpos25	3,602,152	liftover	
chr9	112100000	114900000	q32	gneg	2,800,000	chr9	124271384	127092454	q32	gneg	2,821,070	liftover	
chr9	114900000	119800000	q33.1	gpos75	4,900,000	chr9	127092454	131993831	q33.1	gpos75	4,901,377	liftover	
chr9	119800000	123100000	q33.2	gneg	3,300,000	chr9	131993831	135297230	q33.2	gneg	3,303,399	liftover	
chr9	123100000	127500000	q33.3	gpos25	4,400,000	chr9	135297230	139706950	q33.3	gpos25	4,409,720	liftover	
chr9	127500000	130600000	q34.11	gneg	3,100,000	chr9	139706950	142804928	q34.11	gneg	3,097,978	liftover	
chr9	130600000	131100000	q34.12	gpos25	500,000	chr9	142804928	143308266	q34.12	gpos25	503,338	liftover	
chr9	131100000	133100000	q34.13	gneg	2,000,000	chr9	143308266	145314130	q34.13	gneg	2,005,864	liftover	
chr9	133100000	134500000	q34.2	gpos25	1,400,000	chr9	145314130	146716800	q34.2	gpos25	1,402,670	liftover	
chr9	134500000	138394717	q34.3	gneg	3,894,717	chr9	146716800	150617247	q34.3	gneg	3,900,447	L boundary liftover, R boundary set to chromosome end	
chrX	0	4400000	p22.33	gneg	4,400,000	chrX	0	3944795	p22.33	gneg	3,944,795	manual adjustment to match neighboring band boundary	
chrX	4400000	6100000	p22.32	gpos50	1,700,000	chrX	3944795	5652276	p22.32	gpos50	1,707,481	liftover	
chrX	6100000	9600000	p22.31	gneg	3,500,000	chrX	5652276	9182594	p22.31	gneg	3,530,318	liftover	
chrX	9600000	17400000	p22.2	gpos50	7,800,000	chrX	9182594	16982597	p22.2	gpos50	7,800,003	liftover	
chrX	17400000	19200000	p22.13	gneg	1,800,000	chrX	16982597	18782737	p22.13	gneg	1,800,140	liftover	
chrX	19200000	21900000	p22.12	gpos50	2,700,000	chrX	18782737	21483312	p22.12	gpos50	2,700,575	liftover	
chrX	21900000	24900000	p22.11	gneg	3,000,000	chrX	21483312	24484237	p22.11	gneg	3,000,925	liftover	
chrX	24900000	29300000	p21.3	gpos100	4,400,000	chrX	24484237	28892068	p21.3	gpos100	4,407,831	liftover	
chrX	29300000	31500000	p21.2	gneg	2,200,000	chrX	28892068	31098156	p21.2	gneg	2,206,088	liftover	
chrX	31500000	37800000	p21.1	gpos100	6,300,000	chrX	31098156	37203573	p21.1	gpos100	6,105,417	liftover	
chrX	37800000	42500000	p11.4	gneg	4,700,000	chrX	37203573	41906024	p11.4	gneg	4,702,451	liftover	
chrX	42500000	47600000	p11.3	gpos75	5,100,000	chrX	41906024	47009888	p11.3	gpos75	5,103,864	liftover	
chrX	47600000	50100000	p11.23	gneg	2,500,000	chrX	47009888	49417662	p11.23	gneg	2,407,774	liftover	
chrX	50100000	54800000	p11.22	gpos25	4,700,000	chrX	49417662	54090881	p11.22	gpos25	4,673,219	liftover	
chrX	54800000	58100000	p11.21	gneg	3,300,000	chrX	54090881	57820107	p11.21	gneg	3,729,226	L boundary lifted over, R boundary at HOR array L boundary	
chrX	58100000	61000000	p11.1	acen	2,900,000	chrX	57820107	59373565	p11.1	acen	1,553,458	L boundary at HOR array L boundary, R boundary at midpoint of HOR array	
chrX	61000000	63800000	q11.1	acen	2,800,000	chrX	59373565	60927025	q11.1	acen	1,553,460	R boundary at HOR array R boundary, L boundary at midpoint of HOR array	
chrX	63800000	65400000	q11.2	gneg	1,600,000	chrX	60927025	63825591	q11.2	gneg	2,898,566	L boundary at HOR array R boundary, R boundary lifted over	
chrX	65400000	68500000	q12	gpos50	3,100,000	chrX	63825591	66933457	q12	gpos50	3,107,866	liftover	
chrX	68500000	73000000	q13.1	gneg	4,500,000	chrX	66933457	71433508	q13.1	gneg	4,500,051	liftover	
chrX	73000000	74700000	q13.2	gpos50	1,700,000	chrX	71433508	73133628	q13.2	gpos50	1,700,120	liftover	
chrX	74700000	76800000	q13.3	gneg	2,100,000	chrX	73133628	75233853	q13.3	gneg	2,100,225	liftover	
chrX	76800000	85400000	q21.1	gpos100	8,600,000	chrX	75233853	83828518	q21.1	gpos100	8,594,665	liftover	
chrX	85400000	87000000	q21.2	gneg	1,600,000	chrX	83828518	85427981	q21.2	gneg	1,599,463	liftover	
chrX	87000000	92700000	q21.31	gpos100	5,700,000	chrX	85427981	91150234	q21.31	gpos100	5,722,253	liftover	
chrX	92700000	94300000	q21.32	gneg	1,600,000	chrX	91150234	92745170	q21.32	gneg	1,594,936	liftover	
chrX	94300000	99100000	q21.33	gpos75	4,800,000	chrX	92745170	97541699	q21.33	gpos75	4,796,529	liftover	
chrX	99100000	103300000	q22.1	gneg	4,200,000	chrX	97541699	101746979	q22.1	gneg	4,205,280	liftover	
chrX	103300000	104500000	q22.2	gpos50	1,200,000	chrX	101746979	102931146	q22.2	gpos50	1,184,167	manual adjustment to match neighboring band boundaries	
chrX	104500000	109400000	q22.3	gneg	4,900,000	chrX	102931146	107847498	q22.3	gneg	4,916,352	liftover	
chrX	109400000	117400000	q23	gpos75	8,000,000	chrX	107847498	115776569	q23	gpos75	7,929,071	liftover	
chrX	117400000	121800000	q24	gneg	4,400,000	chrX	115776569	120099927	q24	gneg	4,323,358	liftover	
chrX	121800000	129500000	q25	gpos100	7,700,000	chrX	120099927	127818782	q25	gpos100	7,718,855	liftover	
chrX	129500000	131300000	q26.1	gneg	1,800,000	chrX	127818782	129624103	q26.1	gneg	1,805,321	liftover	
chrX	131300000	134500000	q26.2	gpos25	3,200,000	chrX	129624103	132825159	q26.2	gpos25	3,201,056	liftover	
chrX	134500000	138900000	q26.3	gneg	4,400,000	chrX	132825159	137210433	q26.3	gneg	4,385,274	liftover	
chrX	138900000	141200000	q27.1	gpos75	2,300,000	chrX	137210433	139517370	q27.1	gpos75	2,306,937	liftover	
chrX	141200000	143000000	q27.2	gneg	1,800,000	chrX	139517370	141308643	q27.2	gneg	1,791,273	liftover	
chrX	143000000	148000000	q27.3	gpos100	5,000,000	chrX	141308643	146265526	q27.3	gpos100	4,956,883	liftover	
chrX	148000000	156040895	q28	gneg	8,040,895	chrX	146265526	154259566	q28	gneg	7,994,040	L boundary liftover, R boundary set to chromosome end	
chrY	0	300000	p11.32	gneg	300,000	chrY	0	127375	p11.32	gneg	127,375	used BLAST of boundary sequence to place R boundary	
chrY	300000	600000	p11.31	gpos50	300,000	chrY	127375	454123	p11.31	gpos50	326,748	used BLAST of boundary sequence to place R boundary	
chrY	600000	10300000	p11.2	gneg	9,700,000	chrY	454123	10565750	p11.2	gneg	10,111,627	L boundary from BLAST, R boundary at HOR array L boundary	
chrY	10300000	10400000	p11.1	acen	100,000	chrY	10565750	10724418	p11.1	acen	158,668	L boundary at HOR array L boundary, R boundary at midpoint of HOR array	
chrY	10400000	10600000	q11.1	acen	200,000	chrY	10724418	10883085	q11.1	acen	158,667	R boundary at HOR array R boundary, L boundary at midpoint of HOR array	
chrY	10600000	12400000	q11.21	gneg	1,800,000	chrY	10883085	13307633	q11.21	gneg	2,424,548	L boundary at HOR array R boundary, R boundary lifted over	
chrY	12400000	17100000	q11.221	gpos50	4,700,000	chrY	13307633	18006518	q11.221	gpos50	4,698,885	liftover	
chrY	17100000	19600000	q11.222	gneg	2,500,000	chrY	18006518	20506564	q11.222	gneg	2,500,046	liftover	
chrY	19600000	23800000	q11.223	gpos50	4,200,000	chrY	20506564	25062557	q11.223	gpos50	4,555,993	left boundary liftover, used BLAST of boundary sequence to place R boundary	
chrY	23800000	26600000	q11.23	gneg	2,800,000	chrY	25062557	27449937	q11.23	gneg	2,387,380	R boundary placed at HSat1/3 domain start	
chrY	26600000	57227415	q12	gvar	30,627,415	chrY	27449937	62460029	q12	gvar	35,010,092	L boundary placed at HSat1/3 domain start, R boundary set to chr end	
