accession	label	cell_type	tissue	_source_name	_study	__sample	__bsrate	__meth	__depth	__mapping	__uniq	__sites	__hmr_size	__hmr_count	__pmd_size	__pmd_count
ERX14481166	Blood	NA	blood	NA	ERP172929	ERS24751453	0.981	0.758	38.830	0.929	0.415	0.983	985.13	60211	9530.44	2893
ERX14481167	Blood	NA	blood	NA	ERP172929	ERS24751454	0.981	0.756	45.157	0.924	0.623	0.984	972.28	63074	9760.39	2730
ERX14481171	Blood	NA	blood	NA	ERP172929	ERS24751458	0.981	0.760	36.901	0.927	0.593	0.982	975.54	61706	9281.18	3017
ERX15007111	Blood	NA	blood	NA	ERP180396	ERS26890335	0.981	0.764	46.446	0.887	0.573	0.983	976.43	62829	9893.74	2679
ERX15007113	Blood	NA	blood	NA	ERP180396	ERS26890337	0.983	0.781	32.824	0.888	0.738	0.981	905.25	72893	10173.6	3680
ERX15007114	Blood	NA	blood	NA	ERP180396	ERS26890338	0.982	0.764	29.515	0.889	0.718	0.980	975.58	63331	9972.76	3104
ERX15007115	Blood	NA	blood	NA	ERP180396	ERS26890339	0.982	0.758	34.991	0.890	0.751	0.982	963.05	64204	10273.28	2683
ERX15007116	Blood	NA	blood	NA	ERP180396	ERS26890340	0.982	0.766	34.237	0.890	0.731	0.981	954.84	65980	9564.07	3273
ERX15007117	Blood	NA	blood	NA	ERP180396	ERS26890341	0.982	0.764	45.048	0.889	0.686	0.982	968.51	65418	9927.58	3148
ERX15007118	Blood	NA	blood	NA	ERP180396	ERS26890342	0.983	0.774	45.877	0.882	0.623	0.983	912.35	70360	10813.53	3201
ERX15007119	Blood	NA	blood	NA	ERP180396	ERS26890343	0.983	0.761	46.975	0.885	0.583	0.983	945.37	65975	10027.35	2993
ERX15007120	Blood	NA	blood	NA	ERP180396	ERS26890344	0.983	0.774	34.047	0.887	0.678	0.982	959.2	64304	9821.59	3449
ERX15007125	Blood	NA	blood	NA	ERP180396	ERS26890349	0.982	0.761	52.559	0.883	0.630	0.984	937.75	66324	10092.88	3005
ERX9474771	Liver	NA	liver	NA	ERP139499	ERS12427028	0.994	0.638	4.988	0.812	0.854	0.827	1565.26	28420	81421.01	299
ERX9474772	Liver	NA	liver	NA	ERP139499	ERS12427029	0.994	0.646	5.042	0.747	0.948	0.924	1701.33	29042	176618.14	2165
SRX11003183	Primary Dermal Fibroblasts	NA	Primary dermal fibroblasts	Primary dermal fibroblasts	SRP321573	SRS9077390	0.978	0.616	22.309	0.893	0.811	0.980	5585.52	71535	386170.35	2336
SRX1360781	Skin Fibroblast	NA	skin fibroblast	Astro_origin	SRP065186	SRS1124514	0.995	0.633	38.866	0.857	0.861	0.979	2524.54	69349	513932.61	1717
SRX1360782	Skin Fibroblast	NA	skin fibroblast	GSF74	SRP065186	SRS1124513	0.996	0.653	42.703	0.857	0.898	0.981	1598.49	72469	358481.46	2041
SRX1360783	Skin Fibroblast	NA	skin fibroblast	GSF102	SRP065186	SRS1124512	0.996	0.641	39.655	0.858	0.883	0.979	1268.7	74029	173202.51	3197
SRX1360784	Skin Fibroblast	NA	skin fibroblast	Trakr_origin	SRP065186	SRS1124511	0.995	0.655	30.887	0.857	0.759	0.980	1235.98	58015	293702.89	2334
SRX1360785	Skin Fibroblast	NA	skin fibroblast	CPF100	SRP065186	SRS1124510	0.994	0.638	39.351	0.866	0.891	0.979	1405.83	72364	434855.03	1807
SRX1360786	Skin Fibroblast	NA	skin fibroblast	Yorkshire_1	SRP065186	SRS1124509	0.994	0.647	39.039	0.869	0.841	0.979	1335.56	67126	483532.29	1702
SRX1360787	Skin Fibroblast	NA	skin fibroblast	Yorkshire_2	SRP065186	SRS1124508	0.994	0.661	41.141	0.873	0.804	0.980	1254.92	68929	376517.82	1992
SRX1659592	Sperm	NA	NA	Sperm	SRP072273	SRS1359670	0.995	0.735	9.687	0.824	0.974	0.947	1593.88	50315	39430.02	863
SRX1659593	Sperm	NA	NA	Sperm	SRP072273	SRS1359667	0.995	0.706	17.019	0.812	0.941	0.960	1517.55	54940	9895.97	4862
SRX1659594	Sperm	NA	NA	Sperm	SRP072273	SRS1359666	0.996	0.754	9.644	0.872	0.858	0.933	1506.48	61640	14038.7	4206
SRX1659595	Sperm	NA	NA	Sperm	SRP072273	SRS1359664	0.996	0.751	5.366	0.863	0.880	0.883	1614.68	57741	24945.74	1942
SRX1659596	Sperm	NA	NA	Sperm	SRP072273	SRS1359663	0.996	0.734	9.911	0.843	0.934	0.947	1515.16	57303	25183.67	1600
SRX1659597	Sperm	NA	NA	Sperm	SRP072273	SRS1359665	0.996	0.734	9.589	0.852	0.946	0.949	1516.14	57360	25395.96	1561
SRX1659598	Sperm	NA	NA	Sperm	SRP072273	SRS1359661	0.995	0.686	11.683	0.816	0.957	0.952	1539.4	52929	37015.17	927
SRX1659599	Sperm	NA	NA	Sperm	SRP072273	SRS1359662	0.995	0.681	18.927	0.809	0.930	0.961	1486.59	56270	9201.1	5416
SRX18115407	Liver	NA	liver	NA	SRP405758	SRS15617738	0.998	0.674	12.112	0.908	0.642	0.959	1358.2	33753	283586.26	2274
SRX18115408	Skeletal Muscle	NA	skeleton muscle	NA	SRP405758	SRS15617739	0.997	0.654	21.589	0.857	0.550	0.963	1231.65	36421	55641.09	1264
SRX219156	Kidney	NA	NA	normal kidney cells	SRP018114	SRS387135	0.997	0.642	45.898	0.874	0.715	0.981	6834.99	83282	612394.98	1872
SRX219157	Kidney	NA	NA	normal kidney cells	SRP018114	SRS387136	0.983	0.658	73.267	0.834	0.776	0.978	7093.69	79478	582698.42	1872
SRX23205279	Blood	NA	whole blood	whole blood	SRP483528	SRS20129627	0.984	0.761	62.518	0.919	0.606	0.984	939.61	67469	9959.55	3000
SRX23205280	Blood	NA	whole blood	whole blood	SRP483528	SRS20129629	0.984	0.782	58.573	0.919	0.574	0.984	918.22	71194	10030.74	3304
SRX23205281	Blood	NA	whole blood	whole blood	SRP483528	SRS20129628	0.984	0.770	56.013	0.909	0.645	0.984	933.23	71133	10648.63	2917
SRX23205282	Blood	NA	whole blood	whole blood	SRP483528	SRS20129630	0.984	0.782	57.047	0.911	0.605	0.984	934.4	71373	10537.57	3237
SRX23205283	Blood	NA	whole blood	whole blood	SRP483528	SRS20129637	0.984	0.779	66.236	0.912	0.600	0.984	938.41	68166	10901.51	2849
SRX23205284	Blood	NA	whole blood	whole blood	SRP483528	SRS20129636	0.984	0.766	61.834	0.914	0.617	0.984	936.12	67831	10064.92	2747
SRX23205285	Blood	NA	whole blood	whole blood	SRP483528	SRS20129638	0.985	0.775	61.479	0.920	0.613	0.984	997.26	64391	10669.91	3015
SRX23205286	Blood	NA	whole blood	whole blood	SRP483528	SRS20129639	0.984	0.780	56.455	0.919	0.601	0.984	957.69	70035	10947.4	3431
SRX23205287	Blood	NA	whole blood	whole blood	SRP483528	SRS20129635	0.984	0.777	45.978	0.908	0.638	0.983	972.69	63550	10073.08	3035
SRX23205288	Blood	NA	whole blood	whole blood	SRP483528	SRS20129633	0.985	0.773	56.544	0.918	0.587	0.984	952.05	66454	9833.28	2870
SRX23205289	Blood	NA	whole blood	whole blood	SRP483528	SRS20129634	0.985	0.757	53.300	0.910	0.619	0.983	940.56	65871	9438.84	2725
SRX23205290	Blood	NA	whole blood	whole blood	SRP483528	SRS20129632	0.985	0.776	57.059	0.920	0.613	0.984	916.93	71877	10144.33	3261
SRX23205291	Blood	NA	whole blood	whole blood	SRP483528	SRS20129631	0.984	0.769	51.501	0.905	0.641	0.983	944.76	66211	9770.42	3274
SRX23205292	Blood	NA	whole blood	whole blood	SRP483528	SRS20129649	0.984	0.764	51.442	0.918	0.607	0.983	952.8	66312	9937.38	3246
SRX23205293	Blood	NA	whole blood	whole blood	SRP483528	SRS20129640	0.984	0.771	54.406	0.919	0.601	0.983	949.75	66789	9670.3	3148
SRX23205294	Blood	NA	whole blood	whole blood	SRP483528	SRS20129642	0.985	0.777	59.109	0.917	0.589	0.984	981.05	66759	9916.98	3410
SRX23205295	Blood	NA	whole blood	whole blood	SRP483528	SRS20129648	0.984	0.779	48.558	0.905	0.629	0.983	1004.6	63490	10930.62	3122
SRX23205296	Blood	NA	whole blood	whole blood	SRP483528	SRS20129641	0.984	0.770	53.035	0.920	0.622	0.983	949.08	68253	10267.97	3156
SRX23205297	Blood	NA	whole blood	whole blood	SRP483528	SRS20129645	0.984	0.771	51.441	0.910	0.634	0.983	953.42	66973	10006.23	3367
SRX27723516	Blood	NA	whole blood	whole blood	SRP564832	SRS24116042	0.985	0.771	55.877	0.870	0.601	0.983	902.69	69605	9650.48	2901
SRX27723517	Blood	NA	whole blood	whole blood	SRP564832	SRS24116044	0.985	0.760	53.388	0.867	0.648	0.982	888.84	71052	9760.89	2738
SRX27723518	Blood	NA	whole blood	whole blood	SRP564832	SRS24116043	0.985	0.774	61.265	0.872	0.609	0.983	887.06	73538	9669.19	3239
SRX27723519	Blood	NA	whole blood	whole blood	SRP564832	SRS24116045	0.985	0.770	55.245	0.870	0.617	0.983	918.44	71126	10263.21	3318
SRX27723520	Blood	NA	whole blood	whole blood	SRP564832	SRS24116047	0.984	0.770	53.568	0.872	0.662	0.983	901.62	73903	10247.79	3287
SRX27723521	Blood	NA	whole blood	whole blood	SRP564832	SRS24116046	0.984	0.771	60.476	0.871	0.650	0.983	890.82	71965	9370.17	3376
SRX27723522	Blood	NA	whole blood	whole blood	SRP564832	SRS24116048	0.984	0.753	57.487	0.870	0.664	0.983	899.41	71729	9589.65	2660
SRX27723523	Blood	NA	whole blood	whole blood	SRP564832	SRS24116049	0.984	0.772	64.787	0.873	0.606	0.983	958.67	72929	10524.13	3465
SRX27723524	Blood	NA	whole blood	whole blood	SRP564832	SRS24116050	0.985	0.771	54.519	0.864	0.594	0.983	870.3	73324	9909.51	2916
SRX27723525	Blood	NA	whole blood	whole blood	SRP564832	SRS24116051	0.985	0.777	61.431	0.867	0.605	0.983	913.59	72841	11418.11	3093
SRX27723526	Blood	NA	whole blood	whole blood	SRP564832	SRS24116052	0.984	0.773	56.992	0.861	0.641	0.983	909.93	71057	10857.59	3376
SRX27723527	Blood	NA	whole blood	whole blood	SRP564832	SRS24116053	0.985	0.768	53.485	0.864	0.652	0.983	909.54	72400	10444.66	2853
SRX27723528	Blood	NA	whole blood	whole blood	SRP564832	SRS24116054	0.984	0.775	53.260	0.875	0.621	0.983	942.66	72245	10135.78	3583
SRX27723529	Blood	NA	whole blood	whole blood	SRP564832	SRS24116055	0.985	0.770	52.870	0.867	0.588	0.983	878.85	72479	9182.07	3100
SRX27723530	Blood	NA	whole blood	whole blood	SRP564832	SRS24116057	0.984	0.762	50.819	0.864	0.659	0.983	898.55	71069	9985.12	3078
SRX27723531	Blood	NA	whole blood	whole blood	SRP564832	SRS24116056	0.984	0.776	54.249	0.868	0.614	0.983	926.56	68335	9711.06	3088
SRX27723532	Blood	NA	whole blood	whole blood	SRP564832	SRS24116058	0.985	0.769	50.954	0.868	0.542	0.983	905.37	71055	9012.17	2951
SRX27723533	Blood	NA	whole blood	whole blood	SRP564832	SRS24116059	0.984	0.767	54.017	0.870	0.586	0.983	957.93	65920	9769.75	2788
SRX27723534	Blood	NA	whole blood	whole blood	SRP564832	SRS24116060	0.985	0.767	58.150	0.866	0.583	0.983	894.41	73016	10215.88	3014
SRX27723535	Blood	NA	whole blood	whole blood	SRP564832	SRS24116061	0.985	0.777	53.654	0.859	0.599	0.983	898.12	72912	9904.56	3643
SRX31193097	Untreated Bone Primary Osteosarcoma	NA	Untreated bone primary osteosarcoma	Untreated bone primary osteosarcoma	SRP648055	SRS27176192	0.981	0.459	59.220	0.893	0.791	0.983	6619.62	120751	161337.29	5185
SRX31193098	Untreated Bone Primary Osteosarcoma	NA	Untreated bone primary osteosarcoma	Untreated bone primary osteosarcoma	SRP648055	SRS27176191	0.980	0.585	59.238	0.890	0.793	0.983	5272.3	113287	303088.43	2940
SRX31193099	Untreated Bone Primary Osteosarcoma	NA	Untreated bone primary osteosarcoma	Untreated bone primary osteosarcoma	SRP648055	SRS27176194	0.981	0.629	49.984	0.891	0.793	0.983	7123.62	62738	351863.39	2500
SRX31193100	Untreated Bone Primary Osteosarcoma	NA	Untreated bone primary osteosarcoma	Untreated bone primary osteosarcoma	SRP648055	SRS27176193	0.980	0.644	62.791	0.890	0.786	0.983	1932.41	65992	458014.0	1705
SRX31193101	Untreated Bone Primary Osteosarcoma	NA	Untreated bone primary osteosarcoma	Untreated bone primary osteosarcoma	SRP648055	SRS27176195	0.978	0.672	37.859	0.894	0.721	0.974	5438.25	66741	200390.04	2531
SRX31193102	Untreated Bone Primary Osteosarcoma	NA	Untreated bone primary osteosarcoma	Untreated bone primary osteosarcoma	SRP648055	SRS27176196	0.978	0.541	76.523	0.889	0.771	0.984	9416.04	78030	229440.84	3708
SRX31193103	Untreated Bone Primary Osteosarcoma	NA	Untreated bone primary osteosarcoma	Untreated bone primary osteosarcoma	SRP648055	SRS27176197	0.978	0.547	68.001	0.893	0.804	0.983	10647.6	73762	228129.55	3945
SRX31193104	Untreated Bone Primary Osteosarcoma	NA	Untreated bone primary osteosarcoma	Untreated bone primary osteosarcoma	SRP648055	SRS27176198	0.979	0.570	100.525	0.890	0.775	0.985	5290.59	87350	0.0	0
SRX31193105	Untreated Bone Primary Osteosarcoma	NA	Untreated bone primary osteosarcoma	Untreated bone primary osteosarcoma	SRP648055	SRS27176199	0.981	0.682	29.518	0.905	0.755	0.924	1953.47	58668	411529.65	1688
SRX31193106	Untreated Bone Primary Osteosarcoma	NA	Untreated bone primary osteosarcoma	Untreated bone primary osteosarcoma	SRP648055	SRS27176200	0.980	0.615	67.701	0.895	0.793	0.984	3780.09	120830	261643.14	2520
SRX31193107	Untreated Bone Primary Osteosarcoma	NA	Untreated bone primary osteosarcoma	Untreated bone primary osteosarcoma	SRP648055	SRS27176201	0.978	0.484	55.595	0.894	0.800	0.983	10659.96	72456	214062.87	4554
SRX31193108	Untreated Bone Primary Osteosarcoma	NA	Untreated bone primary osteosarcoma	Untreated bone primary osteosarcoma	SRP648055	SRS27176202	0.980	0.676	72.753	0.893	0.805	0.984	1043.03	46159	14898.62	1863
SRX31193109	Untreated Bone Primary Osteosarcoma	NA	Untreated bone primary osteosarcoma	Untreated bone primary osteosarcoma	SRP648055	SRS27176203	0.980	0.592	35.519	0.900	0.808	0.966	7731.09	77736	225010.75	3671
SRX31193110	Untreated Bone Primary Osteosarcoma	NA	Untreated bone primary osteosarcoma	Untreated bone primary osteosarcoma	SRP648055	SRS27176204	0.981	0.517	66.030	0.891	0.795	0.984	5137.94	132869	181950.34	4822
SRX31193111	Untreated Bone Primary Osteosarcoma	NA	Untreated bone primary osteosarcoma	Untreated bone primary osteosarcoma	SRP648055	SRS27176205	0.980	0.697	56.545	0.888	0.812	0.984	1084.64	44505	18693.38	2230
SRX31193112	Untreated Bone Primary Osteosarcoma	NA	Untreated bone primary osteosarcoma	Untreated bone primary osteosarcoma	SRP648055	SRS27176206	0.980	0.527	83.043	0.895	0.783	0.984	8665.44	79729	0.0	0
SRX31193113	Untreated Bone Primary Osteosarcoma	NA	Untreated bone primary osteosarcoma	Untreated bone primary osteosarcoma	SRP648055	SRS27176207	0.980	0.662	83.492	0.878	0.674	0.985	3438.43	76708	0.0	0
SRX31193114	Untreated Bone Primary Osteosarcoma	NA	Untreated bone primary osteosarcoma	Untreated bone primary osteosarcoma	SRP648055	SRS27176208	0.982	0.671	41.872	0.898	0.769	0.977	2100.01	53834	495151.94	1670
SRX31193115	Untreated Bone Primary Osteosarcoma	NA	Untreated bone primary osteosarcoma	Untreated bone primary osteosarcoma	SRP648055	SRS27176209	0.982	0.670	38.220	0.907	0.790	0.938	5139.92	71818	200749.14	3111
SRX31193116	Untreated Bone Primary Osteosarcoma	NA	Untreated bone primary osteosarcoma	Untreated bone primary osteosarcoma	SRP648055	SRS27176210	0.981	0.620	31.874	0.907	0.778	0.924	7149.06	75983	159400.05	4064
SRX31193117	Untreated Bone Primary Osteosarcoma	NA	Untreated bone primary osteosarcoma	Untreated bone primary osteosarcoma	SRP648055	SRS27176211	0.981	0.610	61.315	0.892	0.814	0.983	6301.09	85188	272868.83	2887
SRX31193118	Untreated Bone Primary Osteosarcoma	NA	Untreated bone primary osteosarcoma	Untreated bone primary osteosarcoma	SRP648055	SRS27176212	0.977	0.588	58.826	0.894	0.808	0.983	5952.54	85381	222771.06	2700
SRX31193119	Untreated Bone Primary Osteosarcoma	NA	Untreated bone primary osteosarcoma	Untreated bone primary osteosarcoma	SRP648055	SRS27176213	0.980	0.636	69.709	0.883	0.728	0.984	2525.21	63724	455155.66	1775
SRX31193120	Untreated Bone Primary Osteosarcoma	NA	Untreated bone primary osteosarcoma	Untreated bone primary osteosarcoma	SRP648055	SRS27176214	0.979	0.638	67.821	0.895	0.823	0.983	7367.25	65447	382516.42	2171
SRX31193121	Untreated Bone Primary Osteosarcoma	NA	Untreated bone primary osteosarcoma	Untreated bone primary osteosarcoma	SRP648055	SRS27176215	0.981	0.614	64.915	0.893	0.792	0.984	3844.23	117468	248795.36	2832
SRX31193122	Untreated Bone Primary Osteosarcoma	NA	Untreated bone primary osteosarcoma	Untreated bone primary osteosarcoma	SRP648055	SRS27176216	0.980	0.600	33.034	0.904	0.648	0.928	6663.56	74186	201951.1	3541
SRX31193123	Untreated Bone Primary Osteosarcoma	NA	Untreated bone primary osteosarcoma	Untreated bone primary osteosarcoma	SRP648055	SRS27176217	0.979	0.637	62.086	0.892	0.805	0.984	1930.93	62299	546864.25	1520
SRX31193124	Normal Bone-Rib	NA	Normal Bone-Rib	Normal Bone-Rib	SRP648055	SRS27176218	0.981	0.732	37.435	0.895	0.809	0.972	1249.11	43343	23333.17	2903
SRX31193125	Normal Bone-Rib	NA	Normal Bone-Rib	Normal Bone-Rib	SRP648055	SRS27176219	0.981	0.728	39.470	0.896	0.831	0.977	1021.6	54676	9188.82	2468
SRX31193126	Untreated Bone Primary Osteosarcoma	NA	Untreated bone primary osteosarcoma	Untreated bone primary osteosarcoma	SRP648055	SRS27176220	0.981	0.545	33.834	0.909	0.773	0.931	9561.54	73899	211407.55	4409
SRX31193127	Untreated Bone Primary Osteosarcoma	NA	Untreated bone primary osteosarcoma	Untreated bone primary osteosarcoma	SRP648055	SRS27176222	0.979	0.457	72.981	0.894	0.815	0.984	10328.78	87786	228049.6	4612
SRX31193128	Untreated Bone Primary Osteosarcoma	NA	Untreated bone primary osteosarcoma	Untreated bone primary osteosarcoma	SRP648055	SRS27176221	0.980	0.634	75.609	0.894	0.798	0.984	4516.75	77051	172520.34	2946
SRX31193129	Untreated Bone Primary Osteosarcoma	NA	Untreated bone primary osteosarcoma	Untreated bone primary osteosarcoma	SRP648055	SRS27176223	0.980	0.701	82.858	0.898	0.791	0.984	954.96	63925	0.0	0
SRX31193130	Untreated Bone Primary Osteosarcoma	NA	Untreated bone primary osteosarcoma	Untreated bone primary osteosarcoma	SRP648055	SRS27176224	0.979	0.633	66.844	0.888	0.803	0.984	6032.31	69446	277636.17	2692
SRX31193131	Untreated Bone Primary Osteosarcoma	NA	Untreated bone primary osteosarcoma	Untreated bone primary osteosarcoma	SRP648055	SRS27176225	0.979	0.523	59.664	0.895	0.819	0.983	7624.1	79759	233156.37	3188
SRX31193132	Untreated Bone Primary Osteosarcoma	NA	Untreated bone primary osteosarcoma	Untreated bone primary osteosarcoma	SRP648055	SRS27176226	0.980	0.422	74.557	0.891	0.798	0.983	7057.82	130966	211103.46	4974
SRX31193133	Normal Bone-Vertebrae	NA	Normal Bone-Vertebrae	Normal Bone-Vertebrae	SRP648055	SRS27176227	0.982	0.733	45.406	0.897	0.809	0.977	1302.66	47999	30248.25	2805
SRX31193134	Normal Bone-Rib	NA	Normal Bone-Rib	Normal Bone-Rib	SRP648055	SRS27176228	0.982	0.730	46.519	0.896	0.812	0.977	1089.08	49997	10304.7	2580
SRX31193135	Untreated Bone Primary Osteosarcoma	NA	Untreated bone primary osteosarcoma	Untreated bone primary osteosarcoma	SRP648055	SRS27176229	0.983	0.590	32.051	0.904	0.803	0.931	8731.9	67780	248762.68	3243
SRX31193136	Untreated Bone Primary Osteosarcoma	NA	Untreated bone primary osteosarcoma	Untreated bone primary osteosarcoma	SRP648055	SRS27176230	0.985	0.658	45.959	0.896	0.764	0.973	2802.59	62018	283595.32	2317
SRX31193137	Untreated Bone Primary Osteosarcoma	NA	Untreated bone primary osteosarcoma	Untreated bone primary osteosarcoma	SRP648055	SRS27176231	0.981	0.697	36.047	0.900	0.813	0.973	1436.74	47358	520790.25	1563
SRX31193138	Untreated Bone Primary Osteosarcoma	NA	Untreated bone primary osteosarcoma	Untreated bone primary osteosarcoma	SRP648055	SRS27176232	0.980	0.524	58.491	0.893	0.807	0.983	5603.95	123565	167135.41	4829
SRX31193139	Untreated Bone Primary Osteosarcoma	NA	Untreated bone primary osteosarcoma	Untreated bone primary osteosarcoma	SRP648055	SRS27176233	0.979	0.662	63.087	0.894	0.809	0.984	4495.49	84477	187646.63	3400
SRX31193140	Untreated Bone Primary Osteosarcoma	NA	Untreated bone primary osteosarcoma	Untreated bone primary osteosarcoma	SRP648055	SRS27176234	0.983	0.503	44.236	0.894	0.808	0.977	9677.17	87461	252945.61	4467
SRX31193141	Untreated Bone Primary Osteosarcoma	NA	Untreated bone primary osteosarcoma	Untreated bone primary osteosarcoma	SRP648055	SRS27176235	0.981	0.665	82.010	0.892	0.799	0.984	1531.19	65849	219558.41	2734
SRX31193142	Untreated Bone Primary Osteosarcoma	NA	Untreated bone primary osteosarcoma	Untreated bone primary osteosarcoma	SRP648055	SRS27176236	0.979	0.627	66.837	0.877	0.805	0.984	4125.85	83023	152251.14	2793
SRX31193143	Untreated Bone Primary Osteosarcoma	NA	Untreated bone primary osteosarcoma	Untreated bone primary osteosarcoma	SRP648055	SRS27176237	0.980	0.585	70.364	0.892	0.816	0.984	7576.58	72293	257787.48	2978
SRX31193144	Untreated Bone Primary Osteosarcoma	NA	Untreated bone primary osteosarcoma	Untreated bone primary osteosarcoma	SRP648055	SRS27176238	0.980	0.574	59.233	0.902	0.817	0.984	6819.79	80488	257176.57	2781
SRX31193145	Untreated Bone Primary Osteosarcoma	NA	Untreated bone primary osteosarcoma	Untreated bone primary osteosarcoma	SRP648055	SRS27176239	0.979	0.511	60.110	0.892	0.804	0.983	6867.8	89235	180868.82	4376
SRX31193146	Untreated Bone Primary Osteosarcoma	NA	Untreated bone primary osteosarcoma	Untreated bone primary osteosarcoma	SRP648055	SRS27176240	0.980	0.526	64.620	0.891	0.779	0.984	4044.3	128547	171908.32	4040
SRX31193147	Untreated Bone Primary Osteosarcoma	NA	Untreated bone primary osteosarcoma	Untreated bone primary osteosarcoma	SRP648055	SRS27176241	0.981	0.539	38.488	0.901	0.816	0.971	7178.35	100991	129477.01	5860
SRX31193148	Untreated Bone Primary Osteosarcoma	NA	Untreated bone primary osteosarcoma	Untreated bone primary osteosarcoma	SRP648055	SRS27176242	0.980	0.537	55.533	0.896	0.822	0.984	4762.86	124685	218288.71	3850
SRX31193149	Untreated Bone Primary Osteosarcoma	NA	Untreated bone primary osteosarcoma	Untreated bone primary osteosarcoma	SRP648055	SRS27176243	0.980	0.515	67.398	0.892	0.816	0.984	6667.15	79887	179886.28	3866
SRX31193150	Untreated Bone Primary Osteosarcoma	NA	Untreated bone primary osteosarcoma	Untreated bone primary osteosarcoma	SRP648055	SRS27176244	0.980	0.529	84.835	0.894	0.785	0.985	4854.35	113810	0.0	0
SRX31193151	Untreated Bone Primary Osteosarcoma	NA	Untreated bone primary osteosarcoma	Untreated bone primary osteosarcoma	SRP648055	SRS27176245	0.979	0.500	60.768	0.893	0.816	0.983	6821.16	88186	171818.42	4233
SRX31193152	Untreated Bone Primary Osteosarcoma	NA	Untreated bone primary osteosarcoma	Untreated bone primary osteosarcoma	SRP648055	SRS27176246	0.981	0.673	63.681	0.890	0.816	0.983	1296.55	47356	548262.04	1907
SRX31193153	Untreated Bone Primary Osteosarcoma	NA	Untreated bone primary osteosarcoma	Untreated bone primary osteosarcoma	SRP648055	SRS27176247	0.980	0.684	60.791	0.888	0.806	0.983	1308.79	59565	37543.77	3117
SRX31193154	Untreated Bone Primary Osteosarcoma	NA	Untreated bone primary osteosarcoma	Untreated bone primary osteosarcoma	SRP648055	SRS27176249	0.980	0.615	56.788	0.892	0.815	0.983	6092.14	78903	288401.03	2812
SRX31193155	Untreated Bone Primary Osteosarcoma	NA	Untreated bone primary osteosarcoma	Untreated bone primary osteosarcoma	SRP648055	SRS27176248	0.979	0.692	69.928	0.892	0.795	0.984	3161.49	80881	123126.98	3478
SRX31193156	Untreated Bone Primary Osteosarcoma	NA	Untreated bone primary osteosarcoma	Untreated bone primary osteosarcoma	SRP648055	SRS27176250	0.978	0.530	75.309	0.890	0.792	0.984	7745.84	75863	240635.12	3122
SRX31193157	Untreated Bone Primary Osteosarcoma	NA	Untreated bone primary osteosarcoma	Untreated bone primary osteosarcoma	SRP648055	SRS27176251	0.980	0.542	87.228	0.894	0.743	0.985	7044.43	98647	0.0	0
SRX6772546	Blood	NA	blood	NA	SRP219663	SRS5319836	0.992	0.782	21.188	0.842	0.833	0.979	989.92	55843	9783.7	2400
SRX760452	Placenta	NA	placenta	placenta	SRP049936	SRS745061	0.995	0.558	3.668	0.836	0.931	0.891	10644.98	28136	979510.37	1004
SRX760457	Cerebrum	NA	cerebrum	cerebrum	SRP049936	SRS745066	0.980	0.705	3.132	0.810	0.849	0.843	1524.57	31335	136086.53	378
SRX7906679	Blood	NA	whole blood	blood	SRP252679	SRS6314270	0.996	0.399	6.217	0.803	0.511	0.736	1384.2	35477	51067.33	223
SRX7906691	Blood	NA	whole blood	blood	SRP252679	SRS6314282	0.996	0.401	5.200	0.790	0.626	0.728	1392.62	33312	71183.55	80
SRX7906700	Blood	NA	whole blood	blood	SRP252679	SRS6314291	0.996	0.427	5.258	0.819	0.433	0.759	1341.5	34605	58288.0	188
SRX7906733	Blood	NA	whole blood	blood	SRP252679	SRS6314324	0.996	0.435	5.874	0.773	0.635	0.783	1322.22	35627	45001.61	163
SRX7906740	Blood	NA	whole blood	blood	SRP252679	SRS6314331	0.996	0.401	5.254	0.799	0.480	0.714	1410.48	32722	59191.12	166
SRX878214	Placenta	NA	NA	placenta	SRP049936	SRS846112	0.987	0.556	2.542	0.846	0.854	0.811	4762.64	21754	1581334.98	529
SRX878215	Placenta	NA	NA	placenta	SRP049936	SRS846111	0.986	0.546	2.501	0.843	0.839	0.812	6148.99	21445	1290433.81	711
