# Sample list for the hs1 sgdpCopyNumber track, frozen from the 2022 trackDb.
# legacyTrackName is the pre-facet subtrack name; its <region>_<population>_ prefix
# is the only record of region and population for samples the SGDP sample table
# does not cover.  Generated once and checked in on purpose: the build script must
# not read the trackDb file it writes.
#libId	legacyTrackName	bigDataUrl
LP6005441-DNA_A01	EUR_Adygei_LP6005441-DNA_A01_wssd	/gbdb/hs1/sgdpCopyNumber/LP6005441-DNA_A01_wssd.bb
LP6005441-DNA_A03	OCN_Bougainville_LP6005441-DNA_A03_wssd	/gbdb/hs1/sgdpCopyNumber/LP6005441-DNA_A03_wssd.bb
LP6005441-DNA_A04	AMR_Piapoco_LP6005441-DNA_A04_wssd	/gbdb/hs1/sgdpCopyNumber/LP6005441-DNA_A04_wssd.bb
LP6005441-DNA_A05	EUR_French_LP6005441-DNA_A05_wssd	/gbdb/hs1/sgdpCopyNumber/LP6005441-DNA_A05_wssd.bb
LP6005441-DNA_A06	EUR_Bergamo_LP6005441-DNA_A06_wssd	/gbdb/hs1/sgdpCopyNumber/LP6005441-DNA_A06_wssd.bb
LP6005441-DNA_A08	AFR_Mbuti_LP6005441-DNA_A08_wssd	/gbdb/hs1/sgdpCopyNumber/LP6005441-DNA_A08_wssd.bb
LP6005441-DNA_A09	EAS_Naxi_LP6005441-DNA_A09_wssd	/gbdb/hs1/sgdpCopyNumber/LP6005441-DNA_A09_wssd.bb
LP6005441-DNA_A10	OCN_Papuan_LP6005441-DNA_A10_wssd	/gbdb/hs1/sgdpCopyNumber/LP6005441-DNA_A10_wssd.bb
LP6005441-DNA_A11	AFR_Ju_hoan_North_LP6005441-DNA_A11_wssd	/gbdb/hs1/sgdpCopyNumber/LP6005441-DNA_A11_wssd.bb
LP6005441-DNA_A12	AMR_Surui_LP6005441-DNA_A12_wssd	/gbdb/hs1/sgdpCopyNumber/LP6005441-DNA_A12_wssd.bb
LP6005441-DNA_B01	EUR_Adygei_LP6005441-DNA_B01_wssd	/gbdb/hs1/sgdpCopyNumber/LP6005441-DNA_B01_wssd.bb
LP6005441-DNA_B02	AFR_BantuKenya_LP6005441-DNA_B02_wssd	/gbdb/hs1/sgdpCopyNumber/LP6005441-DNA_B02_wssd.bb
LP6005441-DNA_B03	OCN_Bougainville_LP6005441-DNA_B03_wssd	/gbdb/hs1/sgdpCopyNumber/LP6005441-DNA_B03_wssd.bb
LP6005441-DNA_B04	AMR_Piapoco_LP6005441-DNA_B04_wssd	/gbdb/hs1/sgdpCopyNumber/LP6005441-DNA_B04_wssd.bb
LP6005441-DNA_B05	EUR_French_LP6005441-DNA_B05_wssd	/gbdb/hs1/sgdpCopyNumber/LP6005441-DNA_B05_wssd.bb
LP6005441-DNA_B06	EUR_Bergamo_LP6005441-DNA_B06_wssd	/gbdb/hs1/sgdpCopyNumber/LP6005441-DNA_B06_wssd.bb
LP6005441-DNA_B07	EAS_Lahu_LP6005441-DNA_B07_wssd	/gbdb/hs1/sgdpCopyNumber/LP6005441-DNA_B07_wssd.bb
LP6005441-DNA_B08	AFR_Mbuti_LP6005441-DNA_B08_wssd	/gbdb/hs1/sgdpCopyNumber/LP6005441-DNA_B08_wssd.bb
LP6005441-DNA_B09	EAS_Naxi_LP6005441-DNA_B09_wssd	/gbdb/hs1/sgdpCopyNumber/LP6005441-DNA_B09_wssd.bb
LP6005441-DNA_B10	OCN_Papuan_LP6005441-DNA_B10_wssd	/gbdb/hs1/sgdpCopyNumber/LP6005441-DNA_B10_wssd.bb
LP6005441-DNA_B11	AFR_Ju_hoan_North_LP6005441-DNA_B11_wssd	/gbdb/hs1/sgdpCopyNumber/LP6005441-DNA_B11_wssd.bb
LP6005441-DNA_B12	AMR_Surui_LP6005441-DNA_B12_wssd	/gbdb/hs1/sgdpCopyNumber/LP6005441-DNA_B12_wssd.bb
LP6005441-DNA_C02	EUR_Basque_LP6005441-DNA_C02_wssd	/gbdb/hs1/sgdpCopyNumber/LP6005441-DNA_C02_wssd.bb
LP6005441-DNA_C03	SAS_Brahui_LP6005441-DNA_C03_wssd	/gbdb/hs1/sgdpCopyNumber/LP6005441-DNA_C03_wssd.bb
LP6005441-DNA_C05	EAS_Han_LP6005441-DNA_C05_wssd	/gbdb/hs1/sgdpCopyNumber/LP6005441-DNA_C05_wssd.bb
LP6005441-DNA_C06	EAS_Japanese_LP6005441-DNA_C06_wssd	/gbdb/hs1/sgdpCopyNumber/LP6005441-DNA_C06_wssd.bb
LP6005441-DNA_C07	SAS_Makrani_LP6005441-DNA_C07_wssd	/gbdb/hs1/sgdpCopyNumber/LP6005441-DNA_C07_wssd.bb
LP6005441-DNA_C08	EAS_Miao_LP6005441-DNA_C08_wssd	/gbdb/hs1/sgdpCopyNumber/LP6005441-DNA_C08_wssd.bb
LP6005441-DNA_C09	EUR_Orcadian_LP6005441-DNA_C09_wssd	/gbdb/hs1/sgdpCopyNumber/LP6005441-DNA_C09_wssd.bb
LP6005441-DNA_C10	SAS_Pathan_LP6005441-DNA_C10_wssd	/gbdb/hs1/sgdpCopyNumber/LP6005441-DNA_C10_wssd.bb
LP6005441-DNA_C11	EUR_Sardinian_LP6005441-DNA_C11_wssd	/gbdb/hs1/sgdpCopyNumber/LP6005441-DNA_C11_wssd.bb
LP6005441-DNA_D01	SAS_Balochi_LP6005441-DNA_D01_wssd	/gbdb/hs1/sgdpCopyNumber/LP6005441-DNA_D01_wssd.bb
LP6005441-DNA_D02	EUR_Basque_LP6005441-DNA_D02_wssd	/gbdb/hs1/sgdpCopyNumber/LP6005441-DNA_D02_wssd.bb
LP6005441-DNA_D03	SAS_Brahui_LP6005441-DNA_D03_wssd	/gbdb/hs1/sgdpCopyNumber/LP6005441-DNA_D03_wssd.bb
LP6005441-DNA_D04	EAS_Dai_LP6005441-DNA_D04_wssd	/gbdb/hs1/sgdpCopyNumber/LP6005441-DNA_D04_wssd.bb
LP6005441-DNA_D05	EAS_Han_LP6005441-DNA_D05_wssd	/gbdb/hs1/sgdpCopyNumber/LP6005441-DNA_D05_wssd.bb
LP6005441-DNA_D06	EAS_Japanese_LP6005441-DNA_D06_wssd	/gbdb/hs1/sgdpCopyNumber/LP6005441-DNA_D06_wssd.bb
LP6005441-DNA_D07	SAS_Makrani_LP6005441-DNA_D07_wssd	/gbdb/hs1/sgdpCopyNumber/LP6005441-DNA_D07_wssd.bb
LP6005441-DNA_D08	EAS_Miao_LP6005441-DNA_D08_wssd	/gbdb/hs1/sgdpCopyNumber/LP6005441-DNA_D08_wssd.bb
LP6005441-DNA_D09	EUR_Orcadian_LP6005441-DNA_D09_wssd	/gbdb/hs1/sgdpCopyNumber/LP6005441-DNA_D09_wssd.bb
LP6005441-DNA_D10	SAS_Pathan_LP6005441-DNA_D10_wssd	/gbdb/hs1/sgdpCopyNumber/LP6005441-DNA_D10_wssd.bb
LP6005441-DNA_D11	EUR_Sardinian_LP6005441-DNA_D11_wssd	/gbdb/hs1/sgdpCopyNumber/LP6005441-DNA_D11_wssd.bb
LP6005441-DNA_D12	EAS_Tu_LP6005441-DNA_D12_wssd	/gbdb/hs1/sgdpCopyNumber/LP6005441-DNA_D12_wssd.bb
LP6005441-DNA_E02	EUR_BedouinB_LP6005441-DNA_E02_wssd	/gbdb/hs1/sgdpCopyNumber/LP6005441-DNA_E02_wssd.bb
LP6005441-DNA_E03	SAS_Burusho_LP6005441-DNA_E03_wssd	/gbdb/hs1/sgdpCopyNumber/LP6005441-DNA_E03_wssd.bb
LP6005441-DNA_E05	SAS_Hazara_LP6005441-DNA_E05_wssd	/gbdb/hs1/sgdpCopyNumber/LP6005441-DNA_E05_wssd.bb
LP6005441-DNA_E06	SAS_Kalash_LP6005441-DNA_E06_wssd	/gbdb/hs1/sgdpCopyNumber/LP6005441-DNA_E06_wssd.bb
LP6005441-DNA_E07	AFR_Mandenka_LP6005441-DNA_E07_wssd	/gbdb/hs1/sgdpCopyNumber/LP6005441-DNA_E07_wssd.bb
LP6005441-DNA_E08	SIB_Mongola_LP6005441-DNA_E08_wssd	/gbdb/hs1/sgdpCopyNumber/LP6005441-DNA_E08_wssd.bb
LP6005441-DNA_E09	EAS_Oroqen_LP6005441-DNA_E09_wssd	/gbdb/hs1/sgdpCopyNumber/LP6005441-DNA_E09_wssd.bb
LP6005441-DNA_E10	AMR_Pima_LP6005441-DNA_E10_wssd	/gbdb/hs1/sgdpCopyNumber/LP6005441-DNA_E10_wssd.bb
LP6005441-DNA_F01	AFR_BantuHerero_LP6005441-DNA_F01_wssd	/gbdb/hs1/sgdpCopyNumber/LP6005441-DNA_F01_wssd.bb
LP6005441-DNA_F02	EUR_BedouinB_LP6005441-DNA_F02_wssd	/gbdb/hs1/sgdpCopyNumber/LP6005441-DNA_F02_wssd.bb
LP6005441-DNA_F03	SAS_Burusho_LP6005441-DNA_F03_wssd	/gbdb/hs1/sgdpCopyNumber/LP6005441-DNA_F03_wssd.bb
LP6005441-DNA_F04	EAS_Daur_LP6005441-DNA_F04_wssd	/gbdb/hs1/sgdpCopyNumber/LP6005441-DNA_F04_wssd.bb
LP6005441-DNA_F05	SAS_Hazara_LP6005441-DNA_F05_wssd	/gbdb/hs1/sgdpCopyNumber/LP6005441-DNA_F05_wssd.bb
LP6005441-DNA_F06	SAS_Kalash_LP6005441-DNA_F06_wssd	/gbdb/hs1/sgdpCopyNumber/LP6005441-DNA_F06_wssd.bb
LP6005441-DNA_F07	AFR_Mandenka_LP6005441-DNA_F07_wssd	/gbdb/hs1/sgdpCopyNumber/LP6005441-DNA_F07_wssd.bb
LP6005441-DNA_F08	SIB_Mongola_LP6005441-DNA_F08_wssd	/gbdb/hs1/sgdpCopyNumber/LP6005441-DNA_F08_wssd.bb
LP6005441-DNA_F09	EAS_Oroqen_LP6005441-DNA_F09_wssd	/gbdb/hs1/sgdpCopyNumber/LP6005441-DNA_F09_wssd.bb
LP6005441-DNA_F10	AMR_Pima_LP6005441-DNA_F10_wssd	/gbdb/hs1/sgdpCopyNumber/LP6005441-DNA_F10_wssd.bb
LP6005441-DNA_F12	EAS_Tujia_LP6005441-DNA_F12_wssd	/gbdb/hs1/sgdpCopyNumber/LP6005441-DNA_F12_wssd.bb
LP6005441-DNA_G02	AFR_Biaka_LP6005441-DNA_G02_wssd	/gbdb/hs1/sgdpCopyNumber/LP6005441-DNA_G02_wssd.bb
LP6005441-DNA_G03	EAS_Cambodian_LP6005441-DNA_G03_wssd	/gbdb/hs1/sgdpCopyNumber/LP6005441-DNA_G03_wssd.bb
LP6005441-DNA_G04	EUR_Druze_LP6005441-DNA_G04_wssd	/gbdb/hs1/sgdpCopyNumber/LP6005441-DNA_G04_wssd.bb
LP6005441-DNA_G05	EAS_Hezhen_LP6005441-DNA_G05_wssd	/gbdb/hs1/sgdpCopyNumber/LP6005441-DNA_G05_wssd.bb
LP6005441-DNA_G06	AMR_Karitiana_LP6005441-DNA_G06_wssd	/gbdb/hs1/sgdpCopyNumber/LP6005441-DNA_G06_wssd.bb
LP6005441-DNA_G07	AMR_Mayan_LP6005441-DNA_G07_wssd	/gbdb/hs1/sgdpCopyNumber/LP6005441-DNA_G07_wssd.bb
LP6005441-DNA_G08	AFR_Mozabite_LP6005441-DNA_G08_wssd	/gbdb/hs1/sgdpCopyNumber/LP6005441-DNA_G08_wssd.bb
LP6005441-DNA_G09	EUR_Palestinian_LP6005441-DNA_G09_wssd	/gbdb/hs1/sgdpCopyNumber/LP6005441-DNA_G09_wssd.bb
LP6005441-DNA_G10	EUR_Russian_LP6005441-DNA_G10_wssd	/gbdb/hs1/sgdpCopyNumber/LP6005441-DNA_G10_wssd.bb
LP6005441-DNA_G11	SAS_Sindhi_LP6005441-DNA_G11_wssd	/gbdb/hs1/sgdpCopyNumber/LP6005441-DNA_G11_wssd.bb
LP6005441-DNA_G12	EUR_Tuscan_LP6005441-DNA_G12_wssd	/gbdb/hs1/sgdpCopyNumber/LP6005441-DNA_G12_wssd.bb
LP6005441-DNA_H02	AFR_Biaka_LP6005441-DNA_H02_wssd	/gbdb/hs1/sgdpCopyNumber/LP6005441-DNA_H02_wssd.bb
LP6005441-DNA_H03	EAS_Cambodian_LP6005441-DNA_H03_wssd	/gbdb/hs1/sgdpCopyNumber/LP6005441-DNA_H03_wssd.bb
LP6005441-DNA_H05	EAS_Hezhen_LP6005441-DNA_H05_wssd	/gbdb/hs1/sgdpCopyNumber/LP6005441-DNA_H05_wssd.bb
LP6005441-DNA_H06	AMR_Karitiana_LP6005441-DNA_H06_wssd	/gbdb/hs1/sgdpCopyNumber/LP6005441-DNA_H06_wssd.bb
LP6005441-DNA_H07	AMR_Mayan_LP6005441-DNA_H07_wssd	/gbdb/hs1/sgdpCopyNumber/LP6005441-DNA_H07_wssd.bb
LP6005441-DNA_H08	AFR_Mozabite_LP6005441-DNA_H08_wssd	/gbdb/hs1/sgdpCopyNumber/LP6005441-DNA_H08_wssd.bb
LP6005441-DNA_H09	EUR_Palestinian_LP6005441-DNA_H09_wssd	/gbdb/hs1/sgdpCopyNumber/LP6005441-DNA_H09_wssd.bb
LP6005441-DNA_H10	EUR_Russian_LP6005441-DNA_H10_wssd	/gbdb/hs1/sgdpCopyNumber/LP6005441-DNA_H10_wssd.bb
LP6005441-DNA_H11	SAS_Sindhi_LP6005441-DNA_H11_wssd	/gbdb/hs1/sgdpCopyNumber/LP6005441-DNA_H11_wssd.bb
LP6005441-DNA_H12	EUR_Tuscan_LP6005441-DNA_H12_wssd	/gbdb/hs1/sgdpCopyNumber/LP6005441-DNA_H12_wssd.bb
LP6005442-DNA_A02	AFR_Yoruba_LP6005442-DNA_A02_wssd	/gbdb/hs1/sgdpCopyNumber/LP6005442-DNA_A02_wssd.bb
LP6005442-DNA_A03	EUR_Bulgarian_LP6005442-DNA_A03_wssd	/gbdb/hs1/sgdpCopyNumber/LP6005442-DNA_A03_wssd.bb
LP6005442-DNA_A04	EUR_Georgian_LP6005442-DNA_A04_wssd	/gbdb/hs1/sgdpCopyNumber/LP6005442-DNA_A04_wssd.bb
LP6005442-DNA_A08	EUR_Hungarian_LP6005442-DNA_A08_wssd	/gbdb/hs1/sgdpCopyNumber/LP6005442-DNA_A08_wssd.bb
LP6005442-DNA_A09	OCN_Australian_LP6005442-DNA_A09_wssd	/gbdb/hs1/sgdpCopyNumber/LP6005442-DNA_A09_wssd.bb
LP6005442-DNA_A10	AFR_Esan_LP6005442-DNA_A10_wssd	/gbdb/hs1/sgdpCopyNumber/LP6005442-DNA_A10_wssd.bb
LP6005442-DNA_A11	EUR_Spanish_LP6005442-DNA_A11_wssd	/gbdb/hs1/sgdpCopyNumber/LP6005442-DNA_A11_wssd.bb
LP6005442-DNA_A12	SAS_Punjabi_LP6005442-DNA_A12_wssd	/gbdb/hs1/sgdpCopyNumber/LP6005442-DNA_A12_wssd.bb
LP6005442-DNA_B01	EAS_Uygur_LP6005442-DNA_B01_wssd	/gbdb/hs1/sgdpCopyNumber/LP6005442-DNA_B01_wssd.bb
LP6005442-DNA_B02	AFR_Yoruba_LP6005442-DNA_B02_wssd	/gbdb/hs1/sgdpCopyNumber/LP6005442-DNA_B02_wssd.bb
LP6005442-DNA_B03	EUR_Bulgarian_LP6005442-DNA_B03_wssd	/gbdb/hs1/sgdpCopyNumber/LP6005442-DNA_B03_wssd.bb
LP6005442-DNA_B04	EUR_Georgian_LP6005442-DNA_B04_wssd	/gbdb/hs1/sgdpCopyNumber/LP6005442-DNA_B04_wssd.bb
LP6005442-DNA_B08	EUR_Hungarian_LP6005442-DNA_B08_wssd	/gbdb/hs1/sgdpCopyNumber/LP6005442-DNA_B08_wssd.bb
LP6005442-DNA_B10	AFR_Esan_LP6005442-DNA_B10_wssd	/gbdb/hs1/sgdpCopyNumber/LP6005442-DNA_B10_wssd.bb
LP6005442-DNA_B11	EUR_Spanish_LP6005442-DNA_B11_wssd	/gbdb/hs1/sgdpCopyNumber/LP6005442-DNA_B11_wssd.bb
LP6005442-DNA_B12	SAS_Punjabi_LP6005442-DNA_B12_wssd	/gbdb/hs1/sgdpCopyNumber/LP6005442-DNA_B12_wssd.bb
LP6005442-DNA_C02	EUR_Abkhasian_LP6005442-DNA_C02_wssd	/gbdb/hs1/sgdpCopyNumber/LP6005442-DNA_C02_wssd.bb
LP6005442-DNA_C04	EUR_Iranian_LP6005442-DNA_C04_wssd	/gbdb/hs1/sgdpCopyNumber/LP6005442-DNA_C04_wssd.bb
LP6005442-DNA_C07	EAS_Ami_LP6005442-DNA_C07_wssd	/gbdb/hs1/sgdpCopyNumber/LP6005442-DNA_C07_wssd.bb
LP6005442-DNA_C10	EUR_Finnish_LP6005442-DNA_C10_wssd	/gbdb/hs1/sgdpCopyNumber/LP6005442-DNA_C10_wssd.bb
LP6005442-DNA_C11	EAS_Kinh_LP6005442-DNA_C11_wssd	/gbdb/hs1/sgdpCopyNumber/LP6005442-DNA_C11_wssd.bb
LP6005442-DNA_D01	EAS_Xibo_LP6005442-DNA_D01_wssd	/gbdb/hs1/sgdpCopyNumber/LP6005442-DNA_D01_wssd.bb
LP6005442-DNA_D02	EUR_Abkhasian_LP6005442-DNA_D02_wssd	/gbdb/hs1/sgdpCopyNumber/LP6005442-DNA_D02_wssd.bb
LP6005442-DNA_D03	EUR_Chechen_LP6005442-DNA_D03_wssd	/gbdb/hs1/sgdpCopyNumber/LP6005442-DNA_D03_wssd.bb
LP6005442-DNA_D08	EUR_Icelandic_LP6005442-DNA_D08_wssd	/gbdb/hs1/sgdpCopyNumber/LP6005442-DNA_D08_wssd.bb
LP6005442-DNA_D09	AFR_Somali_LP6005442-DNA_D09_wssd	/gbdb/hs1/sgdpCopyNumber/LP6005442-DNA_D09_wssd.bb
LP6005442-DNA_D10	EUR_Finnish_LP6005442-DNA_D10_wssd	/gbdb/hs1/sgdpCopyNumber/LP6005442-DNA_D10_wssd.bb
LP6005442-DNA_D11	EAS_Kinh_LP6005442-DNA_D11_wssd	/gbdb/hs1/sgdpCopyNumber/LP6005442-DNA_D11_wssd.bb
LP6005442-DNA_E04	EUR_Jordanian_LP6005442-DNA_E04_wssd	/gbdb/hs1/sgdpCopyNumber/LP6005442-DNA_E04_wssd.bb
LP6005442-DNA_E07	EAS_Atayal_LP6005442-DNA_E07_wssd	/gbdb/hs1/sgdpCopyNumber/LP6005442-DNA_E07_wssd.bb
LP6005442-DNA_E10	EUR_English_LP6005442-DNA_E10_wssd	/gbdb/hs1/sgdpCopyNumber/LP6005442-DNA_E10_wssd.bb
LP6005442-DNA_E11	AFR_Luhya_LP6005442-DNA_E11_wssd	/gbdb/hs1/sgdpCopyNumber/LP6005442-DNA_E11_wssd.bb
LP6005442-DNA_E12	SIB_Tubalar_LP6005442-DNA_E12_wssd	/gbdb/hs1/sgdpCopyNumber/LP6005442-DNA_E12_wssd.bb
LP6005442-DNA_F01	SIB_Yakut_LP6005442-DNA_F01_wssd	/gbdb/hs1/sgdpCopyNumber/LP6005442-DNA_F01_wssd.bb
LP6005442-DNA_F02	SIB_Altaian_LP6005442-DNA_F02_wssd	/gbdb/hs1/sgdpCopyNumber/LP6005442-DNA_F02_wssd.bb
LP6005442-DNA_F04	EUR_Jordanian_LP6005442-DNA_F04_wssd	/gbdb/hs1/sgdpCopyNumber/LP6005442-DNA_F04_wssd.bb
LP6005442-DNA_F09	AFR_Luo_LP6005442-DNA_F09_wssd	/gbdb/hs1/sgdpCopyNumber/LP6005442-DNA_F09_wssd.bb
LP6005442-DNA_F10	EUR_English_LP6005442-DNA_F10_wssd	/gbdb/hs1/sgdpCopyNumber/LP6005442-DNA_F10_wssd.bb
LP6005442-DNA_F11	AFR_Luhya_LP6005442-DNA_F11_wssd	/gbdb/hs1/sgdpCopyNumber/LP6005442-DNA_F11_wssd.bb
LP6005442-DNA_F12	SIB_Tubalar_LP6005442-DNA_F12_wssd	/gbdb/hs1/sgdpCopyNumber/LP6005442-DNA_F12_wssd.bb
LP6005442-DNA_G01	EAS_Yi_LP6005442-DNA_G01_wssd	/gbdb/hs1/sgdpCopyNumber/LP6005442-DNA_G01_wssd.bb
LP6005442-DNA_G02	EUR_Armenian_LP6005442-DNA_G02_wssd	/gbdb/hs1/sgdpCopyNumber/LP6005442-DNA_G02_wssd.bb
LP6005442-DNA_G03	EUR_Estonian_LP6005442-DNA_G03_wssd	/gbdb/hs1/sgdpCopyNumber/LP6005442-DNA_G03_wssd.bb
LP6005442-DNA_G04	EUR_Lezgin_LP6005442-DNA_G04_wssd	/gbdb/hs1/sgdpCopyNumber/LP6005442-DNA_G04_wssd.bb
LP6005442-DNA_G07	EUR_Greek_LP6005442-DNA_G07_wssd	/gbdb/hs1/sgdpCopyNumber/LP6005442-DNA_G07_wssd.bb
LP6005442-DNA_G09	SAS_Bengali_LP6005442-DNA_G09_wssd	/gbdb/hs1/sgdpCopyNumber/LP6005442-DNA_G09_wssd.bb
LP6005442-DNA_G10	AFR_Gambian_LP6005442-DNA_G10_wssd	/gbdb/hs1/sgdpCopyNumber/LP6005442-DNA_G10_wssd.bb
LP6005442-DNA_G11	AFR_Mende_LP6005442-DNA_G11_wssd	/gbdb/hs1/sgdpCopyNumber/LP6005442-DNA_G11_wssd.bb
LP6005442-DNA_G12	SIB_Ulchi_LP6005442-DNA_G12_wssd	/gbdb/hs1/sgdpCopyNumber/LP6005442-DNA_G12_wssd.bb
LP6005442-DNA_H01	EAS_Yi_LP6005442-DNA_H01_wssd	/gbdb/hs1/sgdpCopyNumber/LP6005442-DNA_H01_wssd.bb
LP6005442-DNA_H03	EUR_Estonian_LP6005442-DNA_H03_wssd	/gbdb/hs1/sgdpCopyNumber/LP6005442-DNA_H03_wssd.bb
LP6005442-DNA_H04	EUR_Lezgin_LP6005442-DNA_H04_wssd	/gbdb/hs1/sgdpCopyNumber/LP6005442-DNA_H04_wssd.bb
LP6005442-DNA_H09	SAS_Bengali_LP6005442-DNA_H09_wssd	/gbdb/hs1/sgdpCopyNumber/LP6005442-DNA_H09_wssd.bb
LP6005442-DNA_H10	AFR_Gambian_LP6005442-DNA_H10_wssd	/gbdb/hs1/sgdpCopyNumber/LP6005442-DNA_H10_wssd.bb
LP6005442-DNA_H11	AFR_Mende_LP6005442-DNA_H11_wssd	/gbdb/hs1/sgdpCopyNumber/LP6005442-DNA_H11_wssd.bb
LP6005442-DNA_H12	SIB_Ulchi_LP6005442-DNA_H12_wssd	/gbdb/hs1/sgdpCopyNumber/LP6005442-DNA_H12_wssd.bb
LP6005443-DNA_A01	AFR_BantuKenya_LP6005443-DNA_A01_wssd	/gbdb/hs1/sgdpCopyNumber/LP6005443-DNA_A01_wssd.bb
LP6005443-DNA_A02	EAS_Tujia_LP6005443-DNA_A02_wssd	/gbdb/hs1/sgdpCopyNumber/LP6005443-DNA_A02_wssd.bb
LP6005443-DNA_A03	SIB_Aleut_LP6005443-DNA_A03_wssd	/gbdb/hs1/sgdpCopyNumber/LP6005443-DNA_A03_wssd.bb
LP6005443-DNA_A06	EUR_Greek_LP6005443-DNA_A06_wssd	/gbdb/hs1/sgdpCopyNumber/LP6005443-DNA_A06_wssd.bb
LP6005443-DNA_A07	EAS_Thai_LP6005443-DNA_A07_wssd	/gbdb/hs1/sgdpCopyNumber/LP6005443-DNA_A07_wssd.bb
LP6005443-DNA_A08	OCN_Papuan_LP6005443-DNA_A08_wssd	/gbdb/hs1/sgdpCopyNumber/LP6005443-DNA_A08_wssd.bb
LP6005443-DNA_A12	AMR_Zapotec_LP6005443-DNA_A12_wssd	/gbdb/hs1/sgdpCopyNumber/LP6005443-DNA_A12_wssd.bb
LP6005443-DNA_B01	EAS_Dai_LP6005443-DNA_B01_wssd	/gbdb/hs1/sgdpCopyNumber/LP6005443-DNA_B01_wssd.bb
LP6005443-DNA_B02	EAS_Uygur_LP6005443-DNA_B02_wssd	/gbdb/hs1/sgdpCopyNumber/LP6005443-DNA_B02_wssd.bb
LP6005443-DNA_B03	SIB_Eskimo_Sireniki_LP6005443-DNA_B03_wssd	/gbdb/hs1/sgdpCopyNumber/LP6005443-DNA_B03_wssd.bb
LP6005443-DNA_B04	SIB_Even_LP6005443-DNA_B04_wssd	/gbdb/hs1/sgdpCopyNumber/LP6005443-DNA_B04_wssd.bb
LP6005443-DNA_B06	EUR_Icelandic_LP6005443-DNA_B06_wssd	/gbdb/hs1/sgdpCopyNumber/LP6005443-DNA_B06_wssd.bb
LP6005443-DNA_B07	EAS_Thai_LP6005443-DNA_B07_wssd	/gbdb/hs1/sgdpCopyNumber/LP6005443-DNA_B07_wssd.bb
LP6005443-DNA_B08	OCN_Papuan_LP6005443-DNA_B08_wssd	/gbdb/hs1/sgdpCopyNumber/LP6005443-DNA_B08_wssd.bb
LP6005443-DNA_B09	AFR_Dinka_LP6005443-DNA_B09_wssd	/gbdb/hs1/sgdpCopyNumber/LP6005443-DNA_B09_wssd.bb
LP6005443-DNA_B10	EUR_Iranian_LP6005443-DNA_B10_wssd	/gbdb/hs1/sgdpCopyNumber/LP6005443-DNA_B10_wssd.bb
LP6005443-DNA_C01	EAS_Daur_LP6005443-DNA_C01_wssd	/gbdb/hs1/sgdpCopyNumber/LP6005443-DNA_C01_wssd.bb
LP6005443-DNA_C02	EAS_Xibo_LP6005443-DNA_C02_wssd	/gbdb/hs1/sgdpCopyNumber/LP6005443-DNA_C02_wssd.bb
LP6005443-DNA_C03	SIB_Chukchi_LP6005443-DNA_C03_wssd	/gbdb/hs1/sgdpCopyNumber/LP6005443-DNA_C03_wssd.bb
LP6005443-DNA_C04	SIB_Even_LP6005443-DNA_C04_wssd	/gbdb/hs1/sgdpCopyNumber/LP6005443-DNA_C04_wssd.bb
LP6005443-DNA_C06	EAS_Korean_LP6005443-DNA_C06_wssd	/gbdb/hs1/sgdpCopyNumber/LP6005443-DNA_C06_wssd.bb
LP6005443-DNA_C07	OCN_Papuan_LP6005443-DNA_C07_wssd	/gbdb/hs1/sgdpCopyNumber/LP6005443-DNA_C07_wssd.bb
LP6005443-DNA_C08	OCN_Papuan_LP6005443-DNA_C08_wssd	/gbdb/hs1/sgdpCopyNumber/LP6005443-DNA_C08_wssd.bb
LP6005443-DNA_C09	SAS_Kusunda_LP6005443-DNA_C09_wssd	/gbdb/hs1/sgdpCopyNumber/LP6005443-DNA_C09_wssd.bb
LP6005443-DNA_D01	EUR_Druze_LP6005443-DNA_D01_wssd	/gbdb/hs1/sgdpCopyNumber/LP6005443-DNA_D01_wssd.bb
LP6005443-DNA_D02	SIB_Yakut_LP6005443-DNA_D02_wssd	/gbdb/hs1/sgdpCopyNumber/LP6005443-DNA_D02_wssd.bb
LP6005443-DNA_D03	SIB_Eskimo_Chaplin_LP6005443-DNA_D03_wssd	/gbdb/hs1/sgdpCopyNumber/LP6005443-DNA_D03_wssd.bb
LP6005443-DNA_D04	SIB_Itelman_LP6005443-DNA_D04_wssd	/gbdb/hs1/sgdpCopyNumber/LP6005443-DNA_D04_wssd.bb
LP6005443-DNA_D05	SIB_Tlingit_LP6005443-DNA_D05_wssd	/gbdb/hs1/sgdpCopyNumber/LP6005443-DNA_D05_wssd.bb
LP6005443-DNA_D06	EAS_Korean_LP6005443-DNA_D06_wssd	/gbdb/hs1/sgdpCopyNumber/LP6005443-DNA_D06_wssd.bb
LP6005443-DNA_D07	OCN_Papuan_LP6005443-DNA_D07_wssd	/gbdb/hs1/sgdpCopyNumber/LP6005443-DNA_D07_wssd.bb
LP6005443-DNA_D08	OCN_Papuan_LP6005443-DNA_D08_wssd	/gbdb/hs1/sgdpCopyNumber/LP6005443-DNA_D08_wssd.bb
LP6005443-DNA_D09	SAS_Kusunda_LP6005443-DNA_D09_wssd	/gbdb/hs1/sgdpCopyNumber/LP6005443-DNA_D09_wssd.bb
LP6005443-DNA_E01	EAS_Lahu_LP6005443-DNA_E01_wssd	/gbdb/hs1/sgdpCopyNumber/LP6005443-DNA_E01_wssd.bb
LP6005443-DNA_E02	AFR_BantuHerero_LP6005443-DNA_E02_wssd	/gbdb/hs1/sgdpCopyNumber/LP6005443-DNA_E02_wssd.bb
LP6005443-DNA_E05	SIB_Tlingit_LP6005443-DNA_E05_wssd	/gbdb/hs1/sgdpCopyNumber/LP6005443-DNA_E05_wssd.bb
LP6005443-DNA_E06	AFR_Masai_LP6005443-DNA_E06_wssd	/gbdb/hs1/sgdpCopyNumber/LP6005443-DNA_E06_wssd.bb
LP6005443-DNA_E07	OCN_Papuan_LP6005443-DNA_E07_wssd	/gbdb/hs1/sgdpCopyNumber/LP6005443-DNA_E07_wssd.bb
LP6005443-DNA_E08	OCN_Papuan_LP6005443-DNA_E08_wssd	/gbdb/hs1/sgdpCopyNumber/LP6005443-DNA_E08_wssd.bb
LP6005443-DNA_E09	EAS_Naxi_LP6005443-DNA_E09_wssd	/gbdb/hs1/sgdpCopyNumber/LP6005443-DNA_E09_wssd.bb
LP6005443-DNA_E10	EUR_North_Ossetian_LP6005443-DNA_E10_wssd	/gbdb/hs1/sgdpCopyNumber/LP6005443-DNA_E10_wssd.bb
LP6005443-DNA_E11	AMR_Mixe_LP6005443-DNA_E11_wssd	/gbdb/hs1/sgdpCopyNumber/LP6005443-DNA_E11_wssd.bb
LP6005443-DNA_F01	EAS_She_LP6005443-DNA_F01_wssd	/gbdb/hs1/sgdpCopyNumber/LP6005443-DNA_F01_wssd.bb
LP6005443-DNA_F02	AFR_BantuTswana_LP6005443-DNA_F02_wssd	/gbdb/hs1/sgdpCopyNumber/LP6005443-DNA_F02_wssd.bb
LP6005443-DNA_F03	SIB_Eskimo_Naukan_LP6005443-DNA_F03_wssd	/gbdb/hs1/sgdpCopyNumber/LP6005443-DNA_F03_wssd.bb
LP6005443-DNA_F04	SIB_Mansi_LP6005443-DNA_F04_wssd	/gbdb/hs1/sgdpCopyNumber/LP6005443-DNA_F04_wssd.bb
LP6005443-DNA_F06	AFR_Masai_LP6005443-DNA_F06_wssd	/gbdb/hs1/sgdpCopyNumber/LP6005443-DNA_F06_wssd.bb
LP6005443-DNA_F07	OCN_Papuan_LP6005443-DNA_F07_wssd	/gbdb/hs1/sgdpCopyNumber/LP6005443-DNA_F07_wssd.bb
LP6005443-DNA_F08	OCN_Papuan_LP6005443-DNA_F08_wssd	/gbdb/hs1/sgdpCopyNumber/LP6005443-DNA_F08_wssd.bb
LP6005443-DNA_F10	EUR_North_Ossetian_LP6005443-DNA_F10_wssd	/gbdb/hs1/sgdpCopyNumber/LP6005443-DNA_F10_wssd.bb
LP6005443-DNA_F11	AMR_Mixe_LP6005443-DNA_F11_wssd	/gbdb/hs1/sgdpCopyNumber/LP6005443-DNA_F11_wssd.bb
LP6005443-DNA_G01	EAS_She_LP6005443-DNA_G01_wssd	/gbdb/hs1/sgdpCopyNumber/LP6005443-DNA_G01_wssd.bb
LP6005443-DNA_G02	AFR_BantuTswana_LP6005443-DNA_G02_wssd	/gbdb/hs1/sgdpCopyNumber/LP6005443-DNA_G02_wssd.bb
LP6005443-DNA_G03	SIB_Eskimo_Naukan_LP6005443-DNA_G03_wssd	/gbdb/hs1/sgdpCopyNumber/LP6005443-DNA_G03_wssd.bb
LP6005443-DNA_G04	SIB_Mansi_LP6005443-DNA_G04_wssd	/gbdb/hs1/sgdpCopyNumber/LP6005443-DNA_G04_wssd.bb
LP6005443-DNA_G05	EAS_Ami_LP6005443-DNA_G05_wssd	/gbdb/hs1/sgdpCopyNumber/LP6005443-DNA_G05_wssd.bb
LP6005443-DNA_G07	OCN_Papuan_LP6005443-DNA_G07_wssd	/gbdb/hs1/sgdpCopyNumber/LP6005443-DNA_G07_wssd.bb
LP6005443-DNA_G08	AFR_Ju_hoan_North_LP6005443-DNA_G08_wssd	/gbdb/hs1/sgdpCopyNumber/LP6005443-DNA_G08_wssd.bb
LP6005443-DNA_G11	AMR_Mixtec_LP6005443-DNA_G11_wssd	/gbdb/hs1/sgdpCopyNumber/LP6005443-DNA_G11_wssd.bb
LP6005443-DNA_H01	EAS_Tu_LP6005443-DNA_H01_wssd	/gbdb/hs1/sgdpCopyNumber/LP6005443-DNA_H01_wssd.bb
LP6005443-DNA_H02	SIB_Aleut_LP6005443-DNA_H02_wssd	/gbdb/hs1/sgdpCopyNumber/LP6005443-DNA_H02_wssd.bb
LP6005443-DNA_H03	SIB_Eskimo_Sireniki_LP6005443-DNA_H03_wssd	/gbdb/hs1/sgdpCopyNumber/LP6005443-DNA_H03_wssd.bb
LP6005443-DNA_H05	EUR_Czech_LP6005443-DNA_H05_wssd	/gbdb/hs1/sgdpCopyNumber/LP6005443-DNA_H05_wssd.bb
LP6005443-DNA_H07	OCN_Papuan_LP6005443-DNA_H07_wssd	/gbdb/hs1/sgdpCopyNumber/LP6005443-DNA_H07_wssd.bb
LP6005443-DNA_H08	AFR_Dinka_LP6005443-DNA_H08_wssd	/gbdb/hs1/sgdpCopyNumber/LP6005443-DNA_H08_wssd.bb
LP6005443-DNA_H11	AMR_Mixtec_LP6005443-DNA_H11_wssd	/gbdb/hs1/sgdpCopyNumber/LP6005443-DNA_H11_wssd.bb
LP6005519-DNA_A03	AMR_Nahua_LP6005519-DNA_A03_wssd	/gbdb/hs1/sgdpCopyNumber/LP6005519-DNA_A03_wssd.bb
LP6005519-DNA_A04	SAS_Kapu_LP6005519-DNA_A04_wssd	/gbdb/hs1/sgdpCopyNumber/LP6005519-DNA_A04_wssd.bb
LP6005519-DNA_A05	SAS_Relli_LP6005519-DNA_A05_wssd	/gbdb/hs1/sgdpCopyNumber/LP6005519-DNA_A05_wssd.bb
LP6005519-DNA_A06	EAS_Burmese_LP6005519-DNA_A06_wssd	/gbdb/hs1/sgdpCopyNumber/LP6005519-DNA_A06_wssd.bb
LP6005519-DNA_A09	AFR_Kongo_LP6005519-DNA_A09_wssd	/gbdb/hs1/sgdpCopyNumber/LP6005519-DNA_A09_wssd.bb
LP6005519-DNA_A10	AFR_Mursi_LP6005519-DNA_A10_wssd	/gbdb/hs1/sgdpCopyNumber/LP6005519-DNA_A10_wssd.bb
LP6005519-DNA_A11	AFR_Kikuyu_LP6005519-DNA_A11_wssd	/gbdb/hs1/sgdpCopyNumber/LP6005519-DNA_A11_wssd.bb
LP6005519-DNA_A12	AFR_Igbo_LP6005519-DNA_A12_wssd	/gbdb/hs1/sgdpCopyNumber/LP6005519-DNA_A12_wssd.bb
LP6005519-DNA_B03	AMR_Nahua_LP6005519-DNA_B03_wssd	/gbdb/hs1/sgdpCopyNumber/LP6005519-DNA_B03_wssd.bb
LP6005519-DNA_B04	SAS_Kapu_LP6005519-DNA_B04_wssd	/gbdb/hs1/sgdpCopyNumber/LP6005519-DNA_B04_wssd.bb
LP6005519-DNA_B05	SAS_Relli_LP6005519-DNA_B05_wssd	/gbdb/hs1/sgdpCopyNumber/LP6005519-DNA_B05_wssd.bb
LP6005519-DNA_B06	EAS_Burmese_LP6005519-DNA_B06_wssd	/gbdb/hs1/sgdpCopyNumber/LP6005519-DNA_B06_wssd.bb
LP6005519-DNA_B08	AFR_Mada_LP6005519-DNA_B08_wssd	/gbdb/hs1/sgdpCopyNumber/LP6005519-DNA_B08_wssd.bb
LP6005519-DNA_B10	AFR_Mursi_LP6005519-DNA_B10_wssd	/gbdb/hs1/sgdpCopyNumber/LP6005519-DNA_B10_wssd.bb
LP6005519-DNA_B11	AFR_Kikuyu_LP6005519-DNA_B11_wssd	/gbdb/hs1/sgdpCopyNumber/LP6005519-DNA_B11_wssd.bb
LP6005519-DNA_B12	AFR_Igbo_LP6005519-DNA_B12_wssd	/gbdb/hs1/sgdpCopyNumber/LP6005519-DNA_B12_wssd.bb
LP6005519-DNA_C03	EUR_Tajik_LP6005519-DNA_C03_wssd	/gbdb/hs1/sgdpCopyNumber/LP6005519-DNA_C03_wssd.bb
LP6005519-DNA_C04	SAS_Yadava_LP6005519-DNA_C04_wssd	/gbdb/hs1/sgdpCopyNumber/LP6005519-DNA_C04_wssd.bb
LP6005519-DNA_C05	SAS_Irula_LP6005519-DNA_C05_wssd	/gbdb/hs1/sgdpCopyNumber/LP6005519-DNA_C05_wssd.bb
LP6005519-DNA_C06	OCN_Igorot_LP6005519-DNA_C06_wssd	/gbdb/hs1/sgdpCopyNumber/LP6005519-DNA_C06_wssd.bb
LP6005519-DNA_C10	AFR_Tikar_South_LP6005519-DNA_C10_wssd	/gbdb/hs1/sgdpCopyNumber/LP6005519-DNA_C10_wssd.bb
LP6005519-DNA_C11	AFR_Ogiek_LP6005519-DNA_C11_wssd	/gbdb/hs1/sgdpCopyNumber/LP6005519-DNA_C11_wssd.bb
LP6005519-DNA_C12	AFR_Hadza_LP6005519-DNA_C12_wssd	/gbdb/hs1/sgdpCopyNumber/LP6005519-DNA_C12_wssd.bb
LP6005519-DNA_D01	AMR_Chane_LP6005519-DNA_D01_wssd	/gbdb/hs1/sgdpCopyNumber/LP6005519-DNA_D01_wssd.bb
LP6005519-DNA_D03	EUR_Tajik_LP6005519-DNA_D03_wssd	/gbdb/hs1/sgdpCopyNumber/LP6005519-DNA_D03_wssd.bb
LP6005519-DNA_D04	SAS_Yadava_LP6005519-DNA_D04_wssd	/gbdb/hs1/sgdpCopyNumber/LP6005519-DNA_D04_wssd.bb
LP6005519-DNA_D05	SAS_Irula_LP6005519-DNA_D05_wssd	/gbdb/hs1/sgdpCopyNumber/LP6005519-DNA_D05_wssd.bb
LP6005519-DNA_D06	OCN_Igorot_LP6005519-DNA_D06_wssd	/gbdb/hs1/sgdpCopyNumber/LP6005519-DNA_D06_wssd.bb
LP6005519-DNA_D08	AFR_Kaba_LP6005519-DNA_D08_wssd	/gbdb/hs1/sgdpCopyNumber/LP6005519-DNA_D08_wssd.bb
LP6005519-DNA_D09	AFR_Aari_LP6005519-DNA_D09_wssd	/gbdb/hs1/sgdpCopyNumber/LP6005519-DNA_D09_wssd.bb
LP6005519-DNA_D10	AFR_Tikar_South_LP6005519-DNA_D10_wssd	/gbdb/hs1/sgdpCopyNumber/LP6005519-DNA_D10_wssd.bb
LP6005519-DNA_D11	AFR_Ogiek_LP6005519-DNA_D11_wssd	/gbdb/hs1/sgdpCopyNumber/LP6005519-DNA_D11_wssd.bb
LP6005519-DNA_E04	SAS_Mala_LP6005519-DNA_E04_wssd	/gbdb/hs1/sgdpCopyNumber/LP6005519-DNA_E04_wssd.bb
LP6005519-DNA_E05	SAS_Khonda_Dora_LP6005519-DNA_E05_wssd	/gbdb/hs1/sgdpCopyNumber/LP6005519-DNA_E05_wssd.bb
LP6005519-DNA_E06	OCN_Dusun_LP6005519-DNA_E06_wssd	/gbdb/hs1/sgdpCopyNumber/LP6005519-DNA_E06_wssd.bb
LP6005519-DNA_E08	AFR_Bulala_LP6005519-DNA_E08_wssd	/gbdb/hs1/sgdpCopyNumber/LP6005519-DNA_E08_wssd.bb
LP6005519-DNA_E09	AFR_Agaw_LP6005519-DNA_E09_wssd	/gbdb/hs1/sgdpCopyNumber/LP6005519-DNA_E09_wssd.bb
LP6005519-DNA_E10	AFR_Ngumba_LP6005519-DNA_E10_wssd	/gbdb/hs1/sgdpCopyNumber/LP6005519-DNA_E10_wssd.bb
LP6005519-DNA_E11	AFR_Rendille_LP6005519-DNA_E11_wssd	/gbdb/hs1/sgdpCopyNumber/LP6005519-DNA_E11_wssd.bb
LP6005519-DNA_F03	EUR_Armenian_LP6005519-DNA_F03_wssd	/gbdb/hs1/sgdpCopyNumber/LP6005519-DNA_F03_wssd.bb
LP6005519-DNA_F04	SAS_Mala_LP6005519-DNA_F04_wssd	/gbdb/hs1/sgdpCopyNumber/LP6005519-DNA_F04_wssd.bb
LP6005519-DNA_F06	OCN_Dusun_LP6005519-DNA_F06_wssd	/gbdb/hs1/sgdpCopyNumber/LP6005519-DNA_F06_wssd.bb
LP6005519-DNA_F08	AFR_Bulala_LP6005519-DNA_F08_wssd	/gbdb/hs1/sgdpCopyNumber/LP6005519-DNA_F08_wssd.bb
LP6005519-DNA_F09	AFR_Agaw_LP6005519-DNA_F09_wssd	/gbdb/hs1/sgdpCopyNumber/LP6005519-DNA_F09_wssd.bb
LP6005519-DNA_F10	AFR_Ngumba_LP6005519-DNA_F10_wssd	/gbdb/hs1/sgdpCopyNumber/LP6005519-DNA_F10_wssd.bb
LP6005519-DNA_F11	AFR_Rendille_LP6005519-DNA_F11_wssd	/gbdb/hs1/sgdpCopyNumber/LP6005519-DNA_F11_wssd.bb
LP6005519-DNA_G02	AMR_Quechua_LP6005519-DNA_G02_wssd	/gbdb/hs1/sgdpCopyNumber/LP6005519-DNA_G02_wssd.bb
LP6005519-DNA_G03	SAS_Brahmin_LP6005519-DNA_G03_wssd	/gbdb/hs1/sgdpCopyNumber/LP6005519-DNA_G03_wssd.bb
LP6005519-DNA_G04	SAS_Madiga_LP6005519-DNA_G04_wssd	/gbdb/hs1/sgdpCopyNumber/LP6005519-DNA_G04_wssd.bb
LP6005519-DNA_G06	AFR_Baka_LP6005519-DNA_G06_wssd	/gbdb/hs1/sgdpCopyNumber/LP6005519-DNA_G06_wssd.bb
LP6005519-DNA_G08	AFR_Laka_LP6005519-DNA_G08_wssd	/gbdb/hs1/sgdpCopyNumber/LP6005519-DNA_G08_wssd.bb
LP6005519-DNA_G09	AFR_Amhara_LP6005519-DNA_G09_wssd	/gbdb/hs1/sgdpCopyNumber/LP6005519-DNA_G09_wssd.bb
LP6005519-DNA_G10	AFR_Elmolo_LP6005519-DNA_G10_wssd	/gbdb/hs1/sgdpCopyNumber/LP6005519-DNA_G10_wssd.bb
LP6005519-DNA_G11	AFR_Sengwer_LP6005519-DNA_G11_wssd	/gbdb/hs1/sgdpCopyNumber/LP6005519-DNA_G11_wssd.bb
LP6005519-DNA_H03	SAS_Brahmin_LP6005519-DNA_H03_wssd	/gbdb/hs1/sgdpCopyNumber/LP6005519-DNA_H03_wssd.bb
LP6005519-DNA_H04	SAS_Madiga_LP6005519-DNA_H04_wssd	/gbdb/hs1/sgdpCopyNumber/LP6005519-DNA_H04_wssd.bb
LP6005519-DNA_H09	AFR_Amhara_LP6005519-DNA_H09_wssd	/gbdb/hs1/sgdpCopyNumber/LP6005519-DNA_H09_wssd.bb
LP6005519-DNA_H10	AFR_Elmolo_LP6005519-DNA_H10_wssd	/gbdb/hs1/sgdpCopyNumber/LP6005519-DNA_H10_wssd.bb
LP6005519-DNA_H12	AFR_Sandawe_LP6005519-DNA_H12_wssd	/gbdb/hs1/sgdpCopyNumber/LP6005519-DNA_H12_wssd.bb
LP6005592-DNA_A02	EUR_Finnish_LP6005592-DNA_A02_wssd	/gbdb/hs1/sgdpCopyNumber/LP6005592-DNA_A02_wssd.bb
LP6005592-DNA_A04	SAS_Punjabi_LP6005592-DNA_A04_wssd	/gbdb/hs1/sgdpCopyNumber/LP6005592-DNA_A04_wssd.bb
LP6005592-DNA_B01	EUR_Norwegian_LP6005592-DNA_B01_wssd	/gbdb/hs1/sgdpCopyNumber/LP6005592-DNA_B01_wssd.bb
LP6005592-DNA_B02	OCN_Maori_LP6005592-DNA_B02_wssd	/gbdb/hs1/sgdpCopyNumber/LP6005592-DNA_B02_wssd.bb
LP6005592-DNA_B03	EUR_Palestinian_LP6005592-DNA_B03_wssd	/gbdb/hs1/sgdpCopyNumber/LP6005592-DNA_B03_wssd.bb
LP6005592-DNA_B04	SAS_Punjabi_LP6005592-DNA_B04_wssd	/gbdb/hs1/sgdpCopyNumber/LP6005592-DNA_B04_wssd.bb
LP6005592-DNA_C01	EUR_Saami_LP6005592-DNA_C01_wssd	/gbdb/hs1/sgdpCopyNumber/LP6005592-DNA_C01_wssd.bb
LP6005592-DNA_C02	EAS_Japanese_LP6005592-DNA_C02_wssd	/gbdb/hs1/sgdpCopyNumber/LP6005592-DNA_C02_wssd.bb
LP6005592-DNA_C03	AFR_Mbuti_LP6005592-DNA_C03_wssd	/gbdb/hs1/sgdpCopyNumber/LP6005592-DNA_C03_wssd.bb
LP6005592-DNA_C05	AFR_Khomani_San_LP6005592-DNA_C05_wssd	/gbdb/hs1/sgdpCopyNumber/LP6005592-DNA_C05_wssd.bb
LP6005592-DNA_D01	EUR_Saami_LP6005592-DNA_D01_wssd	/gbdb/hs1/sgdpCopyNumber/LP6005592-DNA_D01_wssd.bb
LP6005592-DNA_D03	EAS_Dai_LP6005592-DNA_D03_wssd	/gbdb/hs1/sgdpCopyNumber/LP6005592-DNA_D03_wssd.bb
LP6005592-DNA_D04	EUR_Samaritan_LP6005592-DNA_D04_wssd	/gbdb/hs1/sgdpCopyNumber/LP6005592-DNA_D04_wssd.bb
LP6005592-DNA_E01	EUR_Iraqi_Jew_LP6005592-DNA_E01_wssd	/gbdb/hs1/sgdpCopyNumber/LP6005592-DNA_E01_wssd.bb
LP6005592-DNA_E02	EUR_Polish_LP6005592-DNA_E02_wssd	/gbdb/hs1/sgdpCopyNumber/LP6005592-DNA_E02_wssd.bb
LP6005592-DNA_E05	SAS_Sherpa_LP6005592-DNA_E05_wssd	/gbdb/hs1/sgdpCopyNumber/LP6005592-DNA_E05_wssd.bb
LP6005592-DNA_F01	EUR_Iraqi_Jew_LP6005592-DNA_F01_wssd	/gbdb/hs1/sgdpCopyNumber/LP6005592-DNA_F01_wssd.bb
LP6005592-DNA_F03	SIB_Even_LP6005592-DNA_F03_wssd	/gbdb/hs1/sgdpCopyNumber/LP6005592-DNA_F03_wssd.bb
LP6005592-DNA_F05	SAS_Sherpa_LP6005592-DNA_F05_wssd	/gbdb/hs1/sgdpCopyNumber/LP6005592-DNA_F05_wssd.bb
LP6005592-DNA_G01	EUR_Yemenite_Jew_LP6005592-DNA_G01_wssd	/gbdb/hs1/sgdpCopyNumber/LP6005592-DNA_G01_wssd.bb
LP6005592-DNA_G03	EUR_Jordanian_LP6005592-DNA_G03_wssd	/gbdb/hs1/sgdpCopyNumber/LP6005592-DNA_G03_wssd.bb
LP6005592-DNA_G05	SAS_Tibetan_LP6005592-DNA_G05_wssd	/gbdb/hs1/sgdpCopyNumber/LP6005592-DNA_G05_wssd.bb
LP6005592-DNA_H01	EUR_Yemenite_Jew_LP6005592-DNA_H01_wssd	/gbdb/hs1/sgdpCopyNumber/LP6005592-DNA_H01_wssd.bb
LP6005592-DNA_H03	OCN_Hawaiian_LP6005592-DNA_H03_wssd	/gbdb/hs1/sgdpCopyNumber/LP6005592-DNA_H03_wssd.bb
LP6005619-DNA_A01	SAS_Tibetan_LP6005619-DNA_A01_wssd	/gbdb/hs1/sgdpCopyNumber/LP6005619-DNA_A01_wssd.bb
LP6005619-DNA_B01	AFR_Saharawi_LP6005619-DNA_B01_wssd	/gbdb/hs1/sgdpCopyNumber/LP6005619-DNA_B01_wssd.bb
LP6005619-DNA_C01	AFR_Saharawi_LP6005619-DNA_C01_wssd	/gbdb/hs1/sgdpCopyNumber/LP6005619-DNA_C01_wssd.bb
LP6005619-DNA_D01	LP6005619-DNA_D01_wssd	/gbdb/hs1/sgdpCopyNumber/LP6005619-DNA_D01_wssd.bb
LP6005677-DNA_A02	SIB_Kyrgyz_LP6005677-DNA_A02_wssd	/gbdb/hs1/sgdpCopyNumber/LP6005677-DNA_A02_wssd.bb
LP6005677-DNA_A03	EUR_Turkish_LP6005677-DNA_A03_wssd	/gbdb/hs1/sgdpCopyNumber/LP6005677-DNA_A03_wssd.bb
LP6005677-DNA_A04	AFR_Fulani_LP6005677-DNA_A04_wssd	/gbdb/hs1/sgdpCopyNumber/LP6005677-DNA_A04_wssd.bb
LP6005677-DNA_B01	EUR_Albanian_LP6005677-DNA_B01_wssd	/gbdb/hs1/sgdpCopyNumber/LP6005677-DNA_B01_wssd.bb
LP6005677-DNA_B02	SIB_Kyrgyz_LP6005677-DNA_B02_wssd	/gbdb/hs1/sgdpCopyNumber/LP6005677-DNA_B02_wssd.bb
LP6005677-DNA_B04	AFR_Fulani_LP6005677-DNA_B04_wssd	/gbdb/hs1/sgdpCopyNumber/LP6005677-DNA_B04_wssd.bb
LP6005677-DNA_C03	EUR_Turkish_LP6005677-DNA_C03_wssd	/gbdb/hs1/sgdpCopyNumber/LP6005677-DNA_C03_wssd.bb
LP6005677-DNA_C04	AFR_Lemande_LP6005677-DNA_C04_wssd	/gbdb/hs1/sgdpCopyNumber/LP6005677-DNA_C04_wssd.bb
LP6005677-DNA_D01	AMR_Zapotec_LP6005677-DNA_D01_wssd	/gbdb/hs1/sgdpCopyNumber/LP6005677-DNA_D01_wssd.bb
LP6005677-DNA_D03	AFR_Khomani_San_LP6005677-DNA_D03_wssd	/gbdb/hs1/sgdpCopyNumber/LP6005677-DNA_D03_wssd.bb
LP6005677-DNA_D04	AFR_Lemande_LP6005677-DNA_D04_wssd	/gbdb/hs1/sgdpCopyNumber/LP6005677-DNA_D04_wssd.bb
LP6005677-DNA_E01	AMR_Quechua_LP6005677-DNA_E01_wssd	/gbdb/hs1/sgdpCopyNumber/LP6005677-DNA_E01_wssd.bb
LP6005677-DNA_E03	AFR_Baka_LP6005677-DNA_E03_wssd	/gbdb/hs1/sgdpCopyNumber/LP6005677-DNA_E03_wssd.bb
LP6005677-DNA_E04	AFR_Laka_LP6005677-DNA_E04_wssd	/gbdb/hs1/sgdpCopyNumber/LP6005677-DNA_E04_wssd.bb
LP6005677-DNA_F01	AMR_Quechua_LP6005677-DNA_F01_wssd	/gbdb/hs1/sgdpCopyNumber/LP6005677-DNA_F01_wssd.bb
LP6005677-DNA_F03	AFR_Bakola_LP6005677-DNA_F03_wssd	/gbdb/hs1/sgdpCopyNumber/LP6005677-DNA_F03_wssd.bb
LP6005677-DNA_G01	AFR_Luo_LP6005677-DNA_G01_wssd	/gbdb/hs1/sgdpCopyNumber/LP6005677-DNA_G01_wssd.bb
LP6005677-DNA_G03	AFR_Bakola_LP6005677-DNA_G03_wssd	/gbdb/hs1/sgdpCopyNumber/LP6005677-DNA_G03_wssd.bb
LP6005677-DNA_H03	AFR_Bedzan_LP6005677-DNA_H03_wssd	/gbdb/hs1/sgdpCopyNumber/LP6005677-DNA_H03_wssd.bb
LP6007068-DNA_A01	EUR_Crete_LP6007068-DNA_A01_wssd	/gbdb/hs1/sgdpCopyNumber/LP6007068-DNA_A01_wssd.bb
LP6007069-DNA_A01	EUR_Crete_LP6007069-DNA_A01_wssd	/gbdb/hs1/sgdpCopyNumber/LP6007069-DNA_A01_wssd.bb
SS6004471	AFR_Mbuti_SS6004471_wssd	/gbdb/hs1/sgdpCopyNumber/SS6004471_wssd.bb
SS6004477	OCN_Australian_SS6004477_wssd	/gbdb/hs1/sgdpCopyNumber/SS6004477_wssd.bb
SS6004478	OCN_Australian_SS6004478_wssd	/gbdb/hs1/sgdpCopyNumber/SS6004478_wssd.bb
SS6004480	AFR_Dinka_SS6004480_wssd	/gbdb/hs1/sgdpCopyNumber/SS6004480_wssd.bb
CHM13_kmer	CHM13_kmer_wssd	/gbdb/hs1/sgdpCopyNumber/CHM13_kmer_wssd.bb
GRCh38_kmer	GRCh38_kmer_wssd	/gbdb/hs1/sgdpCopyNumber/GRCh38_kmer_wssd.bb
